Run Number,Well,Time - DROP,CP - DROP (psi),TP - DROP (psi),LP - DROP (psi),Liquid Load - DROP (psi),Fluid in Tubing - DROP (bbl),Time - ARRIVING,CP - ARRIVING (psi),TP - ARRIVING (psi),LP - ARRIVING (psi),Lift Pressure - ARRIVING (psi),Lift Factor - ARRIVING,Rise Time (m),Rise Velocity (fpm),Open Duration (m),Close Duration (m),Gas,GasRate,Fluidrate (bbl/m),Lift Pressure - DROP (psi),UpwardRate (psi/m)
1472,Pickle_1-8-5-32H-2,2/5/2025 20:59,159.27,45.11,34.04,114.17,1.46,2/5/2025 20:42,160.6,113.15,31.27,129.33,2.73,15.01666667,272.4972253,17.41666667,1.116666667,0.14,0.008038277510423296,0.08382775118012865,125.23000000000002,3.6716417899487586
1471,Pickle_1-8-5-32H-2,2/5/2025 20:41,162.44,71.29,65.59,91.16,1.16,2/5/2025 20:01,169.1,104.99,68.24,100.86,1.57,13.91666667,294.0359281,39.86666667,1.15,0.15,0.0037625418057054727,0.029096989964122324,96.85,3.486956521739135
1459,Pickle_1-8-5-32H-2,2/5/2025 15:06,161.72,58.05,51.54,103.67,1.32,2/5/2025 14:47,164.52,104.93,52.13,112.39,1.89,14.73333333,277.7375566,19.16666667,1.166666667,0.15,0.00782608695516068,0.06886956520541399,110.18,1.8942857137444842
1458,Pickle_1-8-5-32H-2,2/5/2025 14:46,159.3,69.15,65.94,90.15,1.15,2/5/2025 14:27,165.12,79.47,55.86,109.27,1.28,16.7,245.0299401,19.26666667,1.116666667,0.11,0.005709342559565858,0.059688581304552145,93.36000000000001,14.24776118977677
1453,Pickle_1-8-5-32H-2,2/5/2025 12:17,163.4,40.47,37.31,122.93,1.57,2/5/2025 11:51,167.46,72.09,41.83,125.63,1.32,21.28333333,192.2631167,25.55,1.1,0.18,0.007045009784735812,0.061448140900195694,126.09,-0.41818181818182537
1452,Pickle_1-8-5-32H-2,2/5/2025 11:50,162.1,44.21,37.81,117.88,1.5,2/5/2025 11:29,162.62,91.78,33.38,129.24,1.82,16.4,249.5121951,20.73333333,1.166666667,0.01,0.00048231511261773554,0.07234726689266033,124.28999999999999,4.242857141644913
1451,Pickle_1-8-5-32H-2,2/5/2025 11:28,164.49,80.22,75.67,84.27,1.08,2/5/2025 11:14,167.49,134.37,80.3,87.19,2.63,11.16666667,366.4477612,14.56666667,1.116666667,0.13,0.008924485123815908,0.07414187641323985,88.82000000000001,-1.4597014921015903
1450,Pickle_1-8-5-32H-2,2/5/2025 11:12,169.33,71.29,62.45,98.05,1.25,2/5/2025 10:50,172.21,141.57,69.62,102.59,3.35,10.41666667,392.832,22.16666667,1.166666667,0.07,0.003157894736367234,0.05639097743512917,106.88000000000001,-3.67714285609225
1444,Pickle_1-8-5-32H-2,2/5/2025 7:44,163.28,70.36,63.73,92.92,1.19,2/5/2025 7:29,166.42,138.32,66.46,99.96,3.56,9.466666667,432.2535211,14.08333333,1.1,0.15,0.010650887576485416,0.08449704144011763,99.55000000000001,0.3727272727272567
1443,Pickle_1-8-5-32H-2,2/5/2025 7:28,167.69,37.78,31.52,129.9,1.66,2/5/2025 7:00,169.25,90.11,29.3,139.94,1.77,14.91666667,274.3240223,28.05,1.166666667,0.11,0.00392156862745098,0.05918003565062388,136.17,3.2314285705053147
1441,Pickle_1-8-5-32H-2,2/5/2025 6:37,160.37,51.42,47.3,108.95,1.39,2/5/2025 6:19,164.66,79.53,49.2,115.47,1.36,14.03333333,291.5914489,17.95,1.116666667,0.14,0.0077994428969359346,0.07743732590529248,113.07000000000001,2.1492537307017074
1440,Pickle_1-8-5-32H-2,2/5/2025 6:18,160.02,59.09,55.85,100.93,1.29,2/5/2025 5:59,164.55,74.02,46.06,118.49,1.31,16.98333333,240.9421001,19.58333333,1.133333333,0.06,0.003063829787755546,0.06587234043674424,104.17000000000002,12.635294121363303
1438,Pickle_1-8-5-32H-2,2/5/2025 5:33,165.99,61.97,53.32,104.02,1.33,2/5/2025 5:17,168.81,131.48,52.8,116.02,3.11,11.0,372.0,16.13333333,1.166666667,0.12,0.0074380165304624,0.08243801654595828,112.67000000000002,2.871428570608146
1437,Pickle_1-8-5-32H-2,2/5/2025 5:16,167.49,38.02,29.82,129.47,1.65,2/5/2025 4:51,169.1,98.44,26.14,142.96,2.02,14.15,289.1872792,25.41666667,1.116666667,0.13,0.005114754097689868,0.0649180327783714,137.67000000000002,4.73731343142169
1428,Pickle_1-8-5-32H-2,2/5/2025 1:01,162.68,61.37,55.34,101.31,1.29,2/5/2025 0:37,167.34,101.21,47.36,119.98,1.81,19.85,206.1460957,23.65,1.15,0.17,0.007188160676532771,0.05454545454545455,107.34,10.991304347826087
1427,Pickle_1-8-5-32H-2,2/5/2025 0:36,167.86,71.08,64.28,96.78,1.23,2/5/2025 0:21,171.18,134.14,61.48,109.69,2.96,11.26666667,363.1952663,15.31666667,1.116666667,0.16,0.01044613710327614,0.08030467898143533,103.58000000000001,5.471641789411437
1426,Pickle_1-8-5-32H-2,2/5/2025 0:20,167.37,53.64,50.19,113.73,1.45,2/5/2025 0:02,169.94,97.84,46.36,123.57,1.71,10.2,401.1764706,18.23333333,1.116666667,0.11,0.0060329067652710976,0.07952468008766447,117.18,5.722388057993305
1421,Pickle_1-8-5-32H-2,2/4/2025 22:20,160.08,45.66,35.82,114.43,1.46,2/4/2025 22:01,162.76,108.25,31.42,131.34,2.41,16.8,243.5714286,19.01666667,1.116666667,0.14,0.007361963188893609,0.07677475896989049,124.26000000000002,6.340298505570045
1420,Pickle_1-8-5-32H-2,2/4/2025 22:00,166.91,38.22,34.98,128.69,1.64,2/4/2025 21:14,169.07,74.0,28.97,140.1,1.47,14.18333333,288.5076381,46.35,1.166666667,0.15,0.0032362459546925564,0.035382955771305284,131.93,7.002857140856316
1405,Pickle_1-8-5-32H-2,2/4/2025 13:56,166.22,40.26,36.88,125.96,1.61,2/4/2025 13:38,168.38,76.71,29.83,138.55,1.51,13.91666667,294.0359281,17.78333333,1.133333333,0.14,0.007872539832778358,0.09053420807695112,129.34,8.12647059062544
1404,Pickle_1-8-5-32H-2,2/4/2025 13:37,161.46,38.65,34.43,122.82,1.57,2/4/2025 13:15,164.46,65.43,27.76,136.7,1.38,18.16666667,225.2477064,21.96666667,1.116666667,0.13,0.005918057662227913,0.07147192715152172,127.03,8.659701489952317
1403,Pickle_1-8-5-32H-2,2/4/2025 13:14,157.75,46.09,42.25,111.66,1.42,2/4/2025 12:56,160.86,72.35,41.79,119.07,1.35,15.26666667,268.0349345,18.28333333,1.116666667,0.13,0.0071103008217156425,0.077666362821817,115.5,3.197014924418795
1402,Pickle_1-8-5-32H-2,2/4/2025 12:55,152.71,69.9,67.46,82.8,1.06,2/4/2025 12:36,160.86,81.03,56.92,103.94,1.3,15.21666667,268.9156627,18.4,1.116666667,0.05,0.0027173913043478264,0.05760869565217392,85.25000000000001,16.73731342783959
1375,Pickle_1-8-5-32H-2,2/4/2025 0:59,163.34,77.37,70.36,85.97,1.1,2/4/2025 0:45,166.65,137.94,74.21,92.45,3.22,9.483333333,431.4938489,14.26666667,1.133333333,0.17,0.011915887847683205,0.07710280372030309,92.98,-0.46764705896107367
1374,Pickle_1-8-5-32H-2,2/4/2025 0:44,167.34,50.9,43.64,116.44,1.49,2/4/2025 0:19,169.94,109.4,40.66,129.28,2.14,12.83333333,318.8571429,24.61666667,1.166666667,0.09,0.0036560595797351307,0.06052809748672605,123.7,4.78285714149061
1373,Pickle_1-8-5-32H-2,2/4/2025 0:18,164.87,52.57,47.61,112.29,1.43,2/4/2025 0:02,168.64,102.65,39.68,128.96,1.95,12.43333333,329.1152815,16.58333333,1.15,0.15,0.009045226132471402,0.08623115579622737,117.26,10.173913043478263
1372,Pickle_1-8-5-32H-2,2/4/2025 0:00,162.76,61.43,57.21,101.34,1.29,2/3/2025 23:44,168.73,83.71,42.33,126.4,1.49,12.6,324.7619048,16.8,1.15,0.19,0.01130952380952381,0.07678571428571429,105.54999999999998,18.130434782608717
1371,Pickle_1-8-5-32H-2,2/3/2025 23:43,165.84,60.76,56.66,105.08,1.34,2/3/2025 23:21,167.14,87.69,43.74,123.4,1.55,18.56666667,220.3949731,21.51666667,1.1,0.22,0.010224632066580228,0.06227730440553412,109.18,12.927272727272726
1370,Pickle_1-8-5-32H-2,2/3/2025 23:20,159.42,78.29,73.09,81.13,1.03,2/3/2025 23:04,163.57,121.16,72.74,90.83,2.14,12.46666667,328.2352941,16.15,1.116666667,0.2,0.012383900928792572,0.06377708978328174,86.32999999999998,4.029850745065729
1369,Pickle_1-8-5-32H-2,2/3/2025 23:03,166.91,88.93,81.87,77.98,0.99,2/3/2025 22:37,171.06,135.38,77.94,93.12,2.61,16.46666667,248.5020243,25.58333333,1.15,0.12,0.004690553746539486,0.03869706840895076,85.03999999999999,7.026086956521751
1356,Pickle_1-8-5-32H-2,2/3/2025 16:34,165.44,53.15,47.58,112.29,1.43,2/3/2025 16:12,167.34,93.11,40.33,127.02,1.71,16.66666667,245.52,21.23333333,1.133333333,0.16,0.007535321822219046,0.06734693878608272,117.86,8.08235294355363
1355,Pickle_1-8-5-32H-2,2/3/2025 16:11,164.69,76.53,72.48,88.16,1.12,2/3/2025 15:49,167.8,98.76,65.51,102.29,1.48,17.78333333,230.1030928,22.23333333,1.166666667,0.16,0.0071964018001793705,0.0503748126012556,92.21,8.639999997531438
1354,Pickle_1-8-5-32H-2,2/3/2025 15:48,163.48,90.89,87.31,72.59,0.93,2/3/2025 15:32,168.12,113.0,87.91,80.21,1.46,11.13333333,367.5449102,15.58333333,1.183333333,0.12,0.007700534761005462,0.05967914439779233,76.16999999999999,3.414084508003973
1353,Pickle_1-8-5-32H-2,2/3/2025 15:31,162.3,69.64,65.7,92.66,1.18,2/3/2025 15:04,166.45,96.51,63.0,103.45,1.48,23.06666667,177.3988439,26.71666667,1.116666667,0.07,0.002620087335917644,0.04416718651975456,96.60000000000001,6.134328356377807
1352,Pickle_1-8-5-32H-2,2/3/2025 15:03,161.46,92.25,87.64,69.22,0.88,2/3/2025 14:52,166.91,120.38,77.64,89.27,1.92,7.6,538.4210526,11.11666667,1.15,0.09,0.008095952021560434,0.07916041976636869,73.82000000000001,13.434782608695643
1351,Pickle_1-8-5-32H-2,2/3/2025 14:51,162.36,65.72,61.47,96.64,1.23,2/3/2025 14:39,167.8,96.14,64.29,103.51,1.44,8.933333333,458.0597015,12.33333333,1.116666667,0.18,0.014594594598539078,0.0997297297566837,100.89000000000001,2.3462686560160306
1350,Pickle_1-8-5-32H-2,2/3/2025 14:38,166.39,40.78,36.89,125.61,1.6,2/3/2025 14:17,169.59,76.45,32.97,136.62,1.47,16.4,249.5121951,20.6,1.116666667,0.02,0.000970873786407767,0.07766990291262135,129.5,6.376119401081759
1343,Pickle_1-8-5-32H-2,2/3/2025 12:04,160.98,40.84,34.62,120.13,1.53,2/3/2025 11:45,165.44,62.49,29.54,135.9,1.32,15.76666667,259.5348837,19.01666667,1.116666667,0.18,0.00946538124286321,0.0804557405643373,126.35999999999999,8.543283579539336
1342,Pickle_1-8-5-32H-2,2/3/2025 11:44,164.14,41.99,36.93,122.15,1.56,2/3/2025 11:25,166.28,81.15,38.67,127.61,1.5,15.03333333,272.195122,18.41666667,1.25,0.16,0.008687782803857414,0.0847058823376098,127.20999999999998,0.32000000000001594
1341,Pickle_1-8-5-32H-2,2/3/2025 11:24,162.56,45.71,37.86,116.85,1.49,2/3/2025 11:06,165.24,97.35,33.46,131.78,1.94,14.48333333,282.5316456,18.73333333,1.133333333,0.06,0.0032028469756588693,0.07953736656219526,124.7,6.247058825366781
1340,Pickle_1-8-5-32H-2,2/3/2025 11:04,162.59,54.02,49.28,108.57,1.39,2/3/2025 10:48,166.71,90.05,41.15,125.56,1.64,12.55,326.0557769,16.31666667,1.133333333,0.17,0.010418794686329154,0.08518896831763248,113.31,10.80882353259083
1339,Pickle_1-8-5-32H-2,2/3/2025 10:47,168.12,35.65,30.1,132.47,1.69,2/3/2025 10:27,170.28,82.99,24.92,145.37,1.67,16.28333333,251.2998976,20.2,1.116666667,0.15,0.007425742574257425,0.08366336633663367,138.02,6.582089550273998
1338,Pickle_1-8-5-32H-2,2/3/2025 10:26,166.22,46.69,41.35,119.53,1.52,2/3/2025 10:08,168.81,90.37,44.39,124.43,1.59,12.58333333,325.192053,17.93333333,1.116666667,0.14,0.007806691451265185,0.084758364328022,124.87,-0.39402985062864576
1337,Pickle_1-8-5-32H-2,2/3/2025 10:07,162.5,78.87,75.4,83.63,1.07,2/3/2025 9:48,169.39,105.71,70.2,99.19,1.56,13.63333333,300.1466993,18.33333333,1.133333333,0.06,0.003272727273322314,0.05836363637424794,87.1,10.667647061961077
1334,Pickle_1-8-5-32H-2,2/3/2025 8:57,159.53,38.19,32.01,121.35,1.55,2/3/2025 8:36,163.31,85.76,32.09,131.22,1.69,16.86666667,242.6086957,20.46666667,1.116666667,0.17,0.008306188923728634,0.07573289901046697,127.52000000000001,3.3134328348318007
1328,Pickle_1-8-5-32H-2,2/3/2025 6:31,167.98,55.03,47.49,112.95,1.44,2/3/2025 6:13,171.15,128.98,48.0,123.15,2.92,12.75,320.9411765,18.13333333,1.116666667,0.15,0.008272058825050011,0.0794117647204801,120.48999999999998,2.382089551527757
1327,Pickle_1-8-5-32H-2,2/3/2025 6:12,173.02,55.92,52.09,117.1,1.49,2/3/2025 5:47,176.39,79.96,47.65,128.74,1.34,12.08333333,338.6482759,24.53333333,1.166666667,0.13,0.005298913044198222,0.06073369566042577,120.93,6.694285712373063
1322,Pickle_1-8-5-32H-2,2/3/2025 3:12,164.06,66.99,63.44,97.07,1.24,2/3/2025 2:58,166.71,96.74,59.72,106.99,1.53,10.25,399.2195122,14.41666667,1.183333333,0.18,0.012485549130061144,0.08601156067375455,100.62,5.383098593065654
1321,Pickle_1-8-5-32H-2,2/3/2025 2:56,163.08,49.09,43.0,113.99,1.45,2/3/2025 2:40,164.98,91.67,44.43,120.55,1.64,12.71666667,321.7824377,16.73333333,1.166666667,0.08,0.00478087649497627,0.0866533864714449,120.08000000000001,0.4028571427420276
1319,Pickle_1-8-5-32H-2,2/3/2025 2:21,158.76,65.14,60.65,93.61,1.19,2/3/2025 2:06,163.02,96.97,55.1,107.92,1.63,12.43333333,329.1152815,15.1,1.15,0.12,0.007947019867549669,0.07880794701986754,98.10999999999999,8.53043478260871
1318,Pickle_1-8-5-32H-2,2/3/2025 2:05,156.31,55.66,50.78,100.65,1.28,2/3/2025 1:46,162.65,75.9,36.59,126.06,1.45,14.01666667,291.9381688,19.0,1.133333333,0.13,0.006842105263157895,0.06736842105263158,105.53,18.1147058876808
1317,Pickle_1-8-5-32H-2,2/3/2025 1:44,163.34,42.14,34.34,121.2,1.55,2/3/2025 1:26,165.41,93.92,29.76,135.65,1.9,15.21666667,268.9156627,18.08333333,1.166666667,0.21,0.011612903227947079,0.08571428573008559,129.0,5.699999998371433
1316,Pickle_1-8-5-32H-2,2/3/2025 1:25,161.15,73.59,70.24,87.56,1.12,2/3/2025 1:11,166.8,98.33,63.28,103.51,1.51,9.183333333,445.5898367,13.91666667,1.116666667,0.13,0.009341317363032021,0.08047904189689126,90.91000000000001,11.283582086184
1315,Pickle_1-8-5-32H-2,2/3/2025 1:10,164.38,42.89,39.06,121.49,1.55,2/3/2025 0:55,167.08,91.5,34.94,132.14,1.75,11.95,342.4267782,15.2,1.116666667,0.12,0.007894736842105263,0.10197368421052633,125.32,6.107462684744035
1314,Pickle_1-8-5-32H-2,2/3/2025 0:54,160.89,62.78,58.74,98.11,1.25,2/3/2025 0:38,165.87,92.19,61.34,104.53,1.42,11.16666667,366.4477612,15.98333333,1.166666667,0.14,0.008759124089417961,0.07820646508408893,102.14999999999998,2.039999999417163
1313,Pickle_1-8-5-32H-2,2/3/2025 0:37,162.73,39.08,31.14,123.65,1.58,2/3/2025 0:20,164.38,90.46,32.99,131.39,1.78,13.58333333,301.2515337,16.75,1.166666667,0.04,0.0023880597014925373,0.09432835820895523,131.58999999999997,-0.1714285713795821
1311,Pickle_1-8-5-32H-2,2/2/2025 23:56,159.22,55.17,51.22,104.05,1.33,2/2/2025 23:47,161.67,98.73,53.08,108.59,1.73,4.583333333,892.8,9.0,1.116666667,0.14,0.015555555555555557,0.14777777777777779,108.0,0.528358208797508
1310,Pickle_1-8-5-32H-2,2/2/2025 23:46,160.89,71.52,68.1,89.37,1.14,2/2/2025 23:24,166.54,94.29,67.22,99.32,1.37,10.68333333,383.0265211,22.3,1.116666667,0.05,0.002242152466367713,0.05112107623318385,92.78999999999999,5.847761192284251
1306,Pickle_1-8-5-32H-2,2/2/2025 22:23,164.2,36.54,32.97,127.66,1.63,2/2/2025 22:01,166.54,67.48,29.17,137.37,1.39,18.11666667,225.8693652,21.7,1.133333333,0.17,0.00783410138248848,0.07511520737327189,131.23,5.417647060416968
1305,Pickle_1-8-5-32H-2,2/2/2025 22:00,162.5,49.89,45.14,112.61,1.44,2/2/2025 21:44,166.16,89.48,47.92,118.24,1.54,11.71666667,349.2460882,16.03333333,1.15,0.08,0.004989604990642329,0.08981288983156192,117.36,0.765217391304344
1302,Pickle_1-8-5-32H-2,2/2/2025 20:50,165.18,68.2,65.09,96.98,1.24,2/2/2025 20:35,166.68,96.37,54.42,112.26,1.6,10.83333333,377.7230769,15.65,1.133333333,0.18,0.011501597444089457,0.0792332268370607,100.09,10.738235297275953
1301,Pickle_1-8-5-32H-2,2/2/2025 20:34,169.85,104.47,100.14,65.38,0.83,2/2/2025 20:20,172.1,132.7,85.31,86.79,2.2,9.75,419.6923077,13.66666667,1.133333333,0.16,0.011707317070315288,0.06073170730226056,69.71,15.070588239726655
1300,Pickle_1-8-5-32H-2,2/2/2025 20:19,165.93,56.93,51.01,109.0,1.39,2/2/2025 19:51,168.73,100.69,52.43,116.3,1.71,23.86666667,171.452514,27.56666667,1.1,0.21,0.00761789600875237,0.050423216438884734,114.92000000000002,1.2545454545454373
1299,Pickle_1-8-5-32H-2,2/2/2025 19:50,163.25,70.02,66.65,93.23,1.19,2/2/2025 19:32,166.54,99.77,59.9,106.63,1.6,13.05,313.5632184,18.61666667,1.133333333,0.09,0.004834377796806736,0.06392121753555573,96.6,8.850000002602943
1296,Pickle_1-8-5-32H-2,2/2/2025 18:37,166.1,61.63,54.33,104.48,1.33,2/2/2025 18:20,167.86,114.62,59.26,108.61,2.04,13.46666667,303.8613861,17.01666667,1.133333333,0.13,0.007639569048454541,0.0781586679572657,111.77,-2.7882352949377136
1295,Pickle_1-8-5-32H-2,2/2/2025 18:19,164.26,57.62,51.27,106.64,1.36,2/2/2025 17:57,166.54,115.34,47.31,119.23,2.33,12.61666667,324.332893,21.6,1.15,0.08,0.0037037037037037034,0.06296296296296296,112.98999999999998,5.42608695652176
1293,Pickle_1-8-5-32H-2,2/2/2025 17:26,160.17,53.76,50.36,106.41,1.36,2/2/2025 17:07,165.53,75.5,37.78,127.74,1.42,15.06666667,271.5929204,18.8,1.166666667,0.21,0.011170212765957446,0.0723404255319149,109.80999999999999,15.368571424180413
1292,Pickle_1-8-5-32H-2,2/2/2025 17:06,158.38,60.71,54.88,97.68,1.25,2/2/2025 16:53,162.88,116.46,56.17,106.71,2.3,8.866666667,461.5037594,12.31666667,1.133333333,0.18,0.014614343703757958,0.1014884979427636,103.5,2.83235294200951
1291,Pickle_1-8-5-32H-2,2/2/2025 16:52,170.8,74.11,68.84,96.69,1.23,2/2/2025 16:28,173.19,120.07,66.77,106.42,2.0,10.41666667,392.832,24.0,1.15,0.12,0.005,0.05125,101.96000000000001,3.8782608695652123
1284,Pickle_1-8-5-32H-2,2/2/2025 13:26,168.96,68.09,64.39,100.87,1.29,2/2/2025 13:07,175.61,88.7,63.2,112.41,1.29,13.86666667,295.0961538,18.76666667,1.133333333,0.15,0.00799289520284318,0.06873889874445135,104.57000000000001,6.917647060858123
1283,Pickle_1-8-5-32H-2,2/2/2025 13:06,173.57,49.92,45.89,123.64,1.58,2/2/2025 12:41,174.92,74.51,34.83,140.09,1.4,21.08333333,194.0869565,24.75,1.116666667,0.07,0.0028282828282828287,0.06383838383838385,127.67999999999999,11.113432832503461
1282,Pickle_1-8-5-32H-2,2/2/2025 12:40,170.63,71.6,65.88,99.03,1.26,2/2/2025 12:24,174.0,125.86,71.33,102.67,2.13,12.58333333,325.192053,16.23333333,1.133333333,0.17,0.010472279262930654,0.07761806983113308,104.75,-1.8352941181868498
1281,Pickle_1-8-5-32H-2,2/2/2025 12:23,174.32,61.57,54.37,112.75,1.44,2/2/2025 11:58,177.34,111.59,46.61,130.74,1.99,14.9,274.6308725,25.13333333,1.116666667,0.06,0.0023872679048258976,0.05729442971582154,119.94999999999999,9.662686564279813
1270,Pickle_1-8-5-32H-2,2/2/2025 6:36,162.96,82.96,73.91,80.0,1.02,2/2/2025 6:22,166.08,137.83,70.75,95.32,3.37,10.46666667,390.955414,14.2,1.133333333,0.2,0.014084507042253523,0.07183098591549296,89.05000000000001,5.532352942803618
1269,Pickle_1-8-5-32H-2,2/2/2025 6:21,164.95,39.95,35.34,125.0,1.59,2/2/2025 5:30,167.11,79.62,32.79,134.32,1.54,17.13333333,238.8326848,50.51666667,0.933333333,0.06,0.001187726822752377,0.03147476080293799,129.60999999999999,5.046428573230876
1267,Pickle_1-8-5-32H-2,2/2/2025 5:09,163.08,73.42,68.72,89.66,1.14,2/2/2025 4:54,167.4,103.61,67.01,100.4,1.57,10.51666667,389.0966719,14.5,1.133333333,0.11,0.007586206896551724,0.07862068965517241,94.36000000000001,5.32941176627335
1266,Pickle_1-8-5-32H-2,2/2/2025 4:53,170.25,74.2,66.2,96.06,1.23,2/2/2025 4:37,172.96,140.88,60.44,112.52,3.51,10.96666667,373.1306991,15.6,1.116666667,0.07,0.004487179487179488,0.07884615384615384,104.05,7.585074624601469
1261,Pickle_1-8-5-32H-2,2/2/2025 2:07,163.54,52.98,48.85,110.56,1.41,2/2/2025 1:52,166.19,95.76,38.41,127.78,1.81,11.38333333,359.4729136,15.18333333,1.133333333,0.11,0.007244785951096551,0.09286498355496486,114.69,11.550000003397063
1260,Pickle_1-8-5-32H-2,2/2/2025 1:51,167.03,75.26,68.4,91.76,1.17,2/2/2025 1:34,169.94,136.82,65.82,104.12,3.14,11.58333333,353.2661871,16.36666667,1.133333333,0.2,0.012219959264313653,0.07148676169623487,98.63,4.844117648483572
1259,Pickle_1-8-5-32H-2,2/2/2025 1:33,168.41,74.08,70.02,94.33,1.2,2/2/2025 1:11,171.52,107.84,63.58,107.94,1.7,9.233333333,443.1768953,22.35,1.133333333,0.14,0.006263982102908278,0.05369127516778523,98.39,8.426470590713667
1258,Pickle_1-8-5-32H-2,2/2/2025 1:10,168.55,80.43,77.67,88.13,1.12,2/2/2025 0:56,170.86,100.26,66.52,104.34,1.48,10.78333333,379.4744977,14.28333333,1.1,0.12,0.008401400235332881,0.07841306886310691,90.88000000000001,12.23636363636363
1257,Pickle_1-8-5-32H-2,2/2/2025 0:54,156.05,68.4,63.77,87.64,1.12,2/2/2025 0:17,164.14,96.48,66.12,98.03,1.45,32.71666667,125.0738665,37.46666667,1.116666667,0.17,0.0045373665476390245,0.02989323843150416,92.28,5.149253729806192
1253,Pickle_1-8-5-32H-2,2/1/2025 23:10,165.53,58.89,51.4,106.64,1.36,2/1/2025 22:54,167.08,114.7,54.47,112.61,2.15,11.48333333,356.3425254,16.46666667,1.133333333,0.14,0.00850202428977692,0.08259109310069007,114.13,-1.3411764709826954
1252,Pickle_1-8-5-32H-2,2/1/2025 22:53,161.64,63.13,57.99,98.51,1.26,2/1/2025 22:32,168.38,93.95,49.09,119.29,1.6,12.53333333,326.4893617,21.03333333,1.133333333,0.09,0.004278922346161477,0.05990491284626068,103.64999999999998,13.80000000405885
1251,Pickle_1-8-5-32H-2,2/1/2025 22:31,160.66,68.0,64.61,92.66,1.18,2/1/2025 22:14,164.95,89.62,56.29,108.66,1.44,11.9,343.8655462,16.01666667,1.133333333,0.19,0.011862643077656058,0.07367325700860078,96.05,11.126470591507786
1250,Pickle_1-8-5-32H-2,2/1/2025 22:13,167.11,78.52,74.9,88.59,1.13,2/1/2025 21:44,170.17,106.43,78.46,91.71,1.44,24.88333333,164.4474213,29.03333333,1.133333333,0.15,0.005166475316322213,0.038920780716294,92.21000000000001,-0.44117647071800564
1248,Pickle_1-8-5-32H-2,2/1/2025 21:28,163.37,79.91,75.16,83.46,1.06,2/1/2025 21:14,167.11,118.68,72.38,94.74,1.96,10.31666667,396.6397415,13.48333333,1.133333333,0.12,0.008899876392805902,0.0786155748031188,88.21000000000001,5.761764707576979
1247,Pickle_1-8-5-32H-2,2/1/2025 21:13,165.44,80.14,76.91,85.3,1.09,2/1/2025 20:56,170.54,100.72,71.03,99.51,1.43,10.0,409.2,17.53333333,1.133333333,0.12,0.006844106465179487,0.062167300392047015,88.53,9.688235296967132
1244,Pickle_1-8-5-32H-2,2/1/2025 20:19,165.47,76.91,73.34,88.56,1.13,2/1/2025 20:06,171.12,103.4,66.84,104.28,1.54,9.483333333,431.4938489,13.5,1.116666667,0.19,0.014074074074074074,0.0837037037037037,92.13,10.880597011677438
1243,Pickle_1-8-5-32H-2,2/1/2025 20:05,166.94,63.5,58.43,103.44,1.32,2/1/2025 19:34,169.68,107.04,63.24,106.44,1.7,26.95,151.8367347,30.96666667,1.15,0.12,0.0038751345528659706,0.042626480081525676,108.50999999999999,-1.7999999999999943
1240,Pickle_1-8-5-32H-2,2/1/2025 18:57,161.23,45.02,41.35,116.21,1.48,2/1/2025 18:39,166.77,70.33,29.61,137.16,1.42,15.0,272.8,18.01666667,1.133333333,0.15,0.008325624420291281,0.08214616094687398,119.88,15.247058828013843
1237,Pickle_1-8-5-32H-2,2/1/2025 18:03,167.2,107.3,102.79,59.9,0.76,2/1/2025 17:46,171.67,143.42,104.2,67.47,2.39,7.716666667,530.2807775,16.85,1.133333333,0.12,0.007121661721068248,0.045103857566765576,64.40999999999998,2.7000000007941325
1236,Pickle_1-8-5-32H-2,2/1/2025 17:45,164.12,79.13,75.99,84.99,1.08,2/1/2025 17:24,170.89,95.73,71.25,99.64,1.33,18.51666667,220.990099,20.81666667,1.116666667,0.11,0.005284227381059371,0.051881505195855646,88.13000000000001,10.307462683490302
1233,Pickle_1-8-5-32H-2,2/1/2025 16:28,165.07,76.76,73.2,88.3,1.13,2/1/2025 16:10,168.52,105.74,66.04,102.48,1.63,14.93333333,274.0178571,18.5,1.133333333,0.15,0.008108108108108109,0.061081081081081075,91.86999999999999,9.361764708635826
1232,Pickle_1-8-5-32H-2,2/1/2025 16:08,166.25,101.36,96.27,64.89,0.83,2/1/2025 15:51,168.96,136.88,100.67,68.29,2.13,13.6,300.8823529,17.55,1.133333333,0.13,0.007407407407407408,0.04729344729344729,69.98,-1.4911764710268147
1231,Pickle_1-8-5-32H-2,2/1/2025 15:50,165.59,81.26,75.47,84.32,1.08,2/1/2025 15:32,167.95,120.21,69.98,97.97,2.05,10.7,382.4299065,18.15,1.133333333,0.09,0.0049586776859504135,0.059504132231404966,90.12,6.926470590272487
1230,Pickle_1-8-5-32H-2,2/1/2025 15:31,165.21,59.87,51.05,105.34,1.34,2/1/2025 15:14,167.8,105.88,51.64,116.17,1.88,12.66666667,323.0526316,16.75,1.116666667,0.14,0.008358208955223882,0.08,114.16000000000001,1.7999999994626783
1229,Pickle_1-8-5-32H-2,2/1/2025 15:13,160.83,80.31,76.84,80.52,1.03,2/1/2025 14:57,166.54,113.35,76.64,89.89,1.69,9.666666667,423.3103448,16.03333333,1.133333333,0.13,0.008108108109793784,0.06424116425451999,83.99000000000001,5.205882354472311
1228,Pickle_1-8-5-32H-2,2/1/2025 14:56,162.91,76.48,72.07,86.43,1.1,2/1/2025 14:44,167.52,104.84,67.86,99.65,1.59,8.766666667,466.7680608,11.88333333,1.116666667,0.08,0.006732117813950104,0.09256661994181394,90.84,7.889552236450881
1227,Pickle_1-8-5-32H-2,2/1/2025 14:42,165.9,83.91,79.16,81.99,1.05,2/1/2025 14:32,168.27,119.58,79.43,88.83,1.82,6.416666667,637.7142857,10.03333333,1.133333333,0.11,0.010963455153144005,0.10465116282546551,86.74000000000001,1.8441176476012016
1226,Pickle_1-8-5-32H-2,2/1/2025 14:31,166.94,102.48,97.86,64.46,0.82,2/1/2025 14:11,170.89,138.84,96.15,74.74,2.33,14.21666667,287.8311841,20.0,1.133333333,0.11,0.0055,0.040999999999999995,69.08,4.994117648527679
1220,Pickle_1-8-5-32H-2,2/1/2025 12:11,163.94,109.17,106.05,54.77,0.7,2/1/2025 11:59,167.6,128.77,95.77,71.84,1.85,9.133333333,448.0291971,12.71666667,1.116666667,0.12,0.00943643512203501,0.055045871545204225,57.89,12.492537309703723
1217,Pickle_1-8-5-32H-2,2/1/2025 11:29,172.1,94.84,87.87,77.26,0.99,2/1/2025 11:15,176.36,152.42,98.62,77.74,3.25,9.6,426.25,13.36666667,1.133333333,0.14,0.010473815458734709,0.07406483788676686,84.22999999999999,-5.726470589919546
1216,Pickle_1-8-5-32H-2,2/1/2025 11:14,177.31,46.92,42.59,130.39,1.66,2/1/2025 10:44,179.76,86.05,35.03,144.73,1.54,17.13333333,238.8326848,30.61666667,1.133333333,0.05,0.0016330974413028745,0.05421883505125543,134.72,8.832352943774215
1205,Pickle_1-8-5-32H-2,2/1/2025 5:16,170.14,93.89,89.74,76.25,0.97,2/1/2025 5:02,173.65,136.39,89.36,84.3,2.26,9.416666667,434.5486726,13.45,1.133333333,0.11,0.008178438661710037,0.07211895910780669,80.39999999999999,3.4411764716003512
1204,Pickle_1-8-5-32H-2,2/1/2025 5:01,168.44,68.2,65.01,100.24,1.28,2/1/2025 4:37,174.06,84.03,57.95,116.1,1.29,21.75,188.137931,24.35,1.133333333,0.12,0.004928131416837782,0.052566735112936344,103.42999999999999,11.179411767993948
1197,Pickle_1-8-5-32H-2,2/1/2025 1:38,166.94,49.78,46.41,117.16,1.49,2/1/2025 1:22,168.38,87.37,39.62,128.76,1.59,11.58333333,353.2661871,15.86666667,1.116666667,0.16,0.010084033611326884,0.0939075630054816,120.53,7.370149251531289
1196,Pickle_1-8-5-32H-2,2/1/2025 1:21,162.39,48.48,43.01,113.91,1.45,2/1/2025 0:59,164.87,93.86,34.69,130.18,1.83,17.28333333,236.7598843,21.36666667,1.183333333,0.15,0.007020280810137241,0.06786271449799333,119.38,9.12676056595121
1195,Pickle_1-8-5-32H-2,2/1/2025 0:58,158.09,87.37,84.14,70.72,0.9,2/1/2025 0:45,164.75,109.69,75.49,89.26,1.62,8.783333333,465.8823529,12.9,1.183333333,0.19,0.014728682170542635,0.06976744186046512,73.95,12.938028172658601
1194,Pickle_1-8-5-32H-2,2/1/2025 0:44,156.28,98.47,95.19,57.81,0.74,2/1/2025 0:23,166.02,116.92,88.91,77.1,1.57,18.48333333,221.3886384,21.15,1.133333333,0.19,0.008983451536643027,0.034988179669030735,61.09,14.126470592390131
1193,Pickle_1-8-5-32H-2,2/1/2025 0:22,158.55,87.95,83.63,70.6,0.9,2/1/2025 0:03,165.38,117.56,82.48,82.9,1.73,15.96666667,256.2839248,18.96666667,1.1,0.12,0.006326889278325679,0.047451669587442596,74.92000000000002,7.254545454545445
1191,Pickle_1-8-5-32H-2,1/31/2025 23:41,162.13,63.67,59.77,98.45,1.26,1/31/2025 23:27,165.76,98.13,62.22,103.54,1.53,9.833333333,416.1355932,14.01666667,1.166666667,0.12,0.008561236621031811,0.08989298452083401,102.35999999999999,1.0114285711396098
1169,Pickle_1-8-5-32H-2,1/31/2025 12:06,163.65,44.59,38.38,119.07,1.52,1/31/2025 11:44,165.33,88.18,32.99,132.33,1.72,17.96666667,227.755102,21.73333333,1.133333333,0.18,0.008282208590227332,0.06993865031747525,125.27000000000001,6.229411766538065
1168,Pickle_1-8-5-32H-2,1/31/2025 11:43,172.1,68.4,60.83,103.69,1.32,1/31/2025 11:00,175.3,124.68,64.47,110.83,2.19,11.36666667,360.0,42.31666667,1.116666667,0.14,0.003308389129317969,0.031193383219283707,111.27,-0.39402985062864576
1142,Pickle_1-8-5-32H-2,1/30/2025 19:25,154.9,77.43,74.29,77.47,0.99,1/30/2025 19:08,163.02,82.27,60.29,102.73,1.27,14.01666667,291.9381688,17.06666667,1.133333333,0.14,0.008203124998397827,0.058007812488670346,80.61,19.51764706456402
1141,Pickle_1-8-5-32H-2,1/30/2025 19:07,156.11,41.5,32.67,114.6,1.46,1/30/2025 18:41,158.06,97.18,29.19,128.88,2.12,22.18333333,184.4628099,25.26666667,1.1,0.17,0.006728232189085986,0.057783641153326695,123.44000000000001,4.94545454545453
1108,Pickle_1-8-5-32H-2,1/30/2025 0:21,163.19,36.66,33.16,126.53,1.61,1/29/2025 23:45,165.76,61.94,34.79,130.97,1.26,20.03333333,204.2595674,35.93333333,1.666666667,0.28,0.0077922077929306315,0.04480519480935113,130.03,0.5639999998871986
1107,Pickle_1-8-5-32H-2,1/29/2025 23:44,155.3,37.81,31.3,117.49,1.5,1/29/2025 23:27,159.85,74.37,29.6,130.25,1.52,13.85,295.4512635,17.4,1.15,0.01,0.000574712643678161,0.08620689655172414,124.00000000000001,5.43478260869564
1102,Pickle_1-8-5-32H-2,1/29/2025 21:28,161.38,37.12,31.21,124.26,1.59,1/29/2025 21:14,162.16,81.09,26.86,135.3,1.67,10.21666667,400.5220228,13.96666667,1.166666667,0.1,0.007159904532897398,0.11384248207306863,130.17,4.397142855886551
1101,Pickle_1-8-5-32H-2,1/29/2025 21:13,160.54,38.3,30.62,122.24,1.56,1/29/2025 20:54,161.75,91.12,27.02,134.74,1.91,14.01666667,291.9381688,19.2,1.116666667,0.12,0.00625,0.08125,129.92,4.316417909159298
1083,Pickle_1-8-5-32H-2,1/29/2025 10:27,164.06,61.08,52.55,102.98,1.31,1/29/2025 10:09,167.17,134.45,52.66,114.51,3.5,10.51666667,389.0966719,18.13333333,1.133333333,0.22,0.012132352943406683,0.07224264707210343,111.51,2.6470588243079587
1082,Pickle_1-8-5-32H-2,1/29/2025 10:08,164.43,53.32,49.8,111.11,1.42,1/29/2025 9:33,168.18,68.17,37.35,130.83,1.31,17.88333333,228.8164026,34.61666667,1.133333333,0.14,0.004044294655364055,0.04102070293297826,114.63000000000001,14.29411765126298
1071,Pickle_1-8-5-32H-2,1/29/2025 5:53,163.08,58.54,52.9,104.54,1.33,1/29/2025 5:39,165.56,107.27,57.63,107.93,1.85,10.4,393.4615385,14.33333333,1.1,0.15,0.010465116281503515,0.09279069769599783,110.18,-2.0454545454545454
1070,Pickle_1-8-5-32H-2,1/29/2025 5:38,161.78,42.46,38.47,119.33,1.52,1/29/2025 5:16,163.4,79.7,38.16,125.23,1.5,11.63333333,351.747851,21.6,1.1,0.05,0.0023148148148148147,0.07037037037037036,123.31,1.745454545454547
1068,Pickle_1-8-5-32H-2,1/29/2025 4:55,159.97,61.94,58.25,98.02,1.25,1/29/2025 4:40,163.22,86.1,46.45,116.77,1.51,11.8,346.779661,15.16666667,1.116666667,0.11,0.007252747251153243,0.08241758239946867,101.72,13.477611936275336
1067,Pickle_1-8-5-32H-2,1/29/2025 4:39,161.26,67.88,60.38,93.38,1.19,1/29/2025 4:22,161.95,127.48,47.57,114.38,3.32,13.65,299.7802198,17.11666667,1.1,0.17,0.009931840309653002,0.069522882167571,100.88,12.272727272727272
1066,Pickle_1-8-5-32H-2,1/29/2025 4:21,162.88,47.62,40.16,115.26,1.47,1/29/2025 3:48,165.44,107.7,34.62,130.83,2.27,12.31666667,332.232747,32.3,1.133333333,0.22,0.006811145510835914,0.045510835913312696,122.72,7.15588235504586
1061,Pickle_1-8-5-32H-2,1/29/2025 2:11,162.93,60.76,57.71,102.17,1.3,1/29/2025 1:45,168.9,79.94,51.81,117.09,1.32,9.9,413.3333333,26.7,1.133333333,0.19,0.007116104868913858,0.04868913857677903,105.22,10.47352941484516
1060,Pickle_1-8-5-32H-2,1/29/2025 1:44,158.64,50.82,48.1,107.83,1.38,1/29/2025 1:05,164.75,63.27,37.6,127.15,1.25,34.36666667,119.0688652,38.4,1.116666667,0.09,0.00234375,0.0359375,110.53999999999999,14.874626861231466
1057,Pickle_1-8-5-32H-2,1/29/2025 0:09,164.84,41.1,31.92,123.74,1.58,1/28/2025 23:52,167.23,92.76,29.13,138.1,1.85,12.71666667,321.7824377,16.61666667,1.133333333,0.21,0.012637913738688483,0.09508525574822763,132.92000000000002,4.57058823663839
1056,Pickle_1-8-5-32H-2,1/28/2025 23:51,160.28,58.8,51.36,101.48,1.29,1/28/2025 23:36,166.13,97.0,52.02,114.11,1.65,9.816666667,416.8421053,15.0,1.166666667,0.15,0.01,0.08600000000000001,108.92,4.448571427300406
1055,Pickle_1-8-5-32H-2,1/28/2025 23:35,163.08,72.35,68.07,90.73,1.16,1/28/2025 23:14,167.72,93.28,72.34,95.38,1.28,16.1,254.1614907,20.36666667,1.133333333,0.1,0.004909983632584291,0.056955810137977764,95.01000000000002,0.32647058833129383
1051,Pickle_1-8-5-32H-2,1/28/2025 21:56,161.15,37.18,31.95,123.97,1.58,1/28/2025 21:42,163.6,85.36,29.39,134.2,1.72,10.35,395.3623188,14.08333333,1.116666667,0.13,0.009230769232954029,0.11218934913897972,129.20000000000002,4.477611938961881
1050,Pickle_1-8-5-32H-2,1/28/2025 21:41,161.32,58.51,51.3,102.81,1.31,1/28/2025 21:20,164.32,108.3,54.13,110.18,1.97,12.2,335.4098361,21.28333333,1.15,0.14,0.006577916993982446,0.061550509015121456,110.02,0.1391304347826181
1048,Pickle_1-8-5-32H-2,1/28/2025 20:58,154.64,62.09,55.08,92.55,1.18,1/28/2025 20:42,164.2,83.42,48.64,115.56,1.43,11.33333333,361.0588235,15.35,1.133333333,0.12,0.007817589576547232,0.07687296416938111,99.55999999999999,14.117647062975792
1047,Pickle_1-8-5-32H-2,1/28/2025 20:41,161.49,63.62,59.5,97.88,1.25,1/28/2025 20:27,161.93,87.66,50.19,111.74,1.5,10.9,375.412844,13.85,1.183333333,0.17,0.012274368231046932,0.09025270758122744,101.99000000000001,8.239436622039266
1046,Pickle_1-8-5-32H-2,1/28/2025 20:26,159.53,44.16,37.05,115.38,1.47,1/28/2025 20:07,162.44,89.88,32.37,130.07,1.79,15.68333333,260.9139214,19.23333333,1.116666667,0.16,0.008318890815999808,0.07642980937199823,122.48,6.797014923344165
1045,Pickle_1-8-5-32H-2,1/28/2025 20:06,163.25,77.69,73.36,85.57,1.09,1/28/2025 19:54,164.95,103.72,61.7,103.25,1.69,8.016666667,510.4365904,11.9,1.133333333,0.15,0.012605042016806721,0.09159663865546219,89.89,11.788235297584775
1044,Pickle_1-8-5-32H-2,1/28/2025 19:53,161.55,40.29,32.6,121.26,1.55,1/28/2025 19:36,163.77,93.37,30.68,133.09,1.89,13.35,306.5168539,16.86666667,1.116666667,0.17,0.010079051381407302,0.09189723318341952,128.95000000000002,3.7074626854604467
1043,Pickle_1-8-5-32H-2,1/28/2025 19:35,164.92,46.12,39.69,118.81,1.52,1/28/2025 19:18,166.33,90.03,36.24,130.1,1.7,11.41666667,358.4233577,16.6,1.133333333,0.15,0.009036144578313253,0.09156626506024096,125.22999999999999,4.297058824793257
1042,Pickle_1-8-5-32H-2,1/28/2025 19:17,161.7,47.39,40.17,114.31,1.46,1/28/2025 19:00,164.12,104.01,37.24,126.87,2.11,11.88333333,344.3478261,16.73333333,1.133333333,0.11,0.006573705180592371,0.08725099603331693,121.52999999999999,4.711764707268182
1040,Pickle_1-8-5-32H-2,1/28/2025 18:33,155.7,61.37,57.92,94.33,1.2,1/28/2025 18:19,162.13,82.53,61.12,101.01,1.27,10.36666667,394.7266881,14.18333333,1.133333333,0.11,0.007755581670447845,0.08460634549579467,97.77999999999999,2.8500000008382513
1039,Pickle_1-8-5-32H-2,1/28/2025 18:18,163.22,46.75,42.29,116.47,1.49,1/28/2025 18:04,165.79,88.79,39.2,126.59,1.64,10.08333333,405.8181818,13.75,1.116666667,0.01,0.0007272727272727273,0.10836363636363636,120.93,5.068656714904876
1033,Pickle_1-8-5-32H-2,1/28/2025 16:18,166.33,61.31,54.16,105.02,1.34,1/28/2025 16:00,169.59,107.96,55.93,113.66,1.84,13.28333333,308.055207,17.03333333,1.133333333,0.15,0.008806262232643103,0.07866927594494506,112.17000000000002,1.3147058827396023
1032,Pickle_1-8-5-32H-2,1/28/2025 15:59,167.66,72.84,65.59,94.82,1.21,1/28/2025 15:42,172.21,120.67,67.89,104.33,2.02,10.83333333,377.7230769,17.11666667,1.15,0.12,0.007010710806813882,0.07069133396870665,102.07,1.9652173913043525
1031,Pickle_1-8-5-32H-2,1/28/2025 15:41,172.9,76.3,71.64,96.6,1.23,1/28/2025 15:22,175.79,115.57,76.96,98.82,1.64,10.05,407.1641791,18.9,1.133333333,0.13,0.006878306878306879,0.06507936507936508,101.26,-2.1529411771038167
1021,Pickle_1-8-5-32H-2,1/28/2025 10:51,154.66,52.6,47.84,102.06,1.3,1/28/2025 10:37,157.43,88.76,50.11,107.32,1.56,10.68333333,383.0265211,14.3,1.166666667,0.14,0.009790209790209791,0.09090909090909091,106.82,0.42857142844897955
1020,Pickle_1-8-5-32H-2,1/28/2025 10:36,154.32,98.24,93.25,56.08,0.72,1/28/2025 10:21,159.02,122.11,86.47,72.55,1.97,8.316666667,492.0240481,15.21666667,1.15,0.08,0.005257393208048764,0.04731653887243887,61.06999999999999,9.982608695652178
1019,Pickle_1-8-5-32H-2,1/28/2025 10:20,159.56,71.49,67.88,88.08,1.12,1/28/2025 10:14,162.82,118.97,70.48,92.34,2.11,2.483333333,1647.785235,5.416666667,1.133333333,0.15,0.027692307690603546,0.20676923075650652,91.68,0.5823529413477478
1018,Pickle_1-8-5-32H-2,1/28/2025 10:13,166.28,86.39,80.99,79.88,1.02,1/28/2025 9:52,169.01,130.39,83.75,85.26,2.21,11.48333333,356.3425254,20.78333333,1.133333333,0.07,0.0033680834007005747,0.04907778669592266,85.29,-0.02647058824308059
1012,Pickle_1-8-5-32H-2,1/28/2025 8:11,162.99,68.06,59.16,94.94,1.21,1/28/2025 7:58,165.99,133.76,62.7,103.29,3.21,9.333333333,438.4285714,13.25,1.1,0.22,0.01660377358490566,0.09132075471698113,103.83000000000001,-0.49090909090909657
1011,Pickle_1-8-5-32H-2,1/28/2025 7:57,160.08,45.11,41.38,114.97,1.47,1/28/2025 7:08,165.76,60.45,28.56,137.19,1.3,23.78333333,172.0532586,48.68333333,1.116666667,0.1,0.0020540910648445113,0.030195138653214316,118.70000000000002,16.558208950281113
1010,Pickle_1-8-5-32H-2,1/28/2025 7:07,159.25,77.28,74.25,81.96,1.05,1/28/2025 6:42,162.73,93.05,69.45,93.28,1.34,20.93333333,195.477707,24.73333333,1.066666667,0.19,0.0076819407018439275,0.04245283019440065,85.0,7.76249999757422
1009,Pickle_1-8-5-32H-2,1/28/2025 6:41,156.05,59.98,57.31,96.06,1.23,1/28/2025 6:25,159.51,92.76,62.26,97.25,1.46,13.56666667,301.6216216,16.13333333,1.166666667,0.07,0.004338842976103067,0.0762396694372396,98.74000000000001,-1.2771428567779668
1007,Pickle_1-8-5-32H-2,1/28/2025 6:11,160.37,75.93,71.03,84.44,1.08,1/28/2025 5:59,165.12,110.41,76.68,88.44,1.62,8.033333333,509.3775934,11.38333333,1.116666667,0.1,0.008784773062601692,0.09487554907609827,89.34,-0.8059701490131483
1006,Pickle_1-8-5-32H-2,1/28/2025 5:58,166.8,68.03,59.59,98.77,1.26,1/28/2025 5:41,169.5,123.53,54.57,114.93,2.5,12.15,336.7901235,16.9,1.133333333,0.01,0.0005917159763313611,0.07455621301775149,107.21000000000001,6.811764707885812
1005,Pickle_1-8-5-32H-2,1/28/2025 5:40,166.36,61.2,54.88,105.17,1.34,1/28/2025 5:23,170.77,108.59,56.67,114.11,1.84,10.45,391.5789474,17.48333333,1.133333333,0.18,0.010295519544384273,0.0766444232748607,111.48000000000002,2.320588235976627
1004,Pickle_1-8-5-32H-2,1/28/2025 5:21,164.12,38.45,34.8,125.67,1.6,1/28/2025 4:55,169.22,57.97,32.55,136.67,1.23,22.98333333,178.0420595,26.75,1.133333333,0.08,0.0029906542056074765,0.059813084112149535,129.32,6.485294119554494
1001,Pickle_1-8-5-32H-2,1/28/2025 4:03,154.12,53.67,46.24,100.45,1.28,1/28/2025 3:48,156.88,106.55,54.49,102.39,2.03,12.28333333,333.1343284,15.01666667,1.116666667,0.13,0.008657047722828624,0.08523862373246646,107.88,-4.9164179089801685
1000,Pickle_1-8-5-32H-2,1/28/2025 3:47,167.43,63.39,56.54,104.04,1.33,1/28/2025 3:26,170.14,133.3,63.48,106.65,2.9,9.966666667,410.5685619,20.31666667,1.116666667,0.05,0.002461033633722554,0.06546349465701994,110.89000000000001,-3.797014924239705
998,Pickle_1-8-5-32H-2,1/28/2025 2:59,158.53,64.42,61.61,94.1,1.2,1/28/2025 2:30,167.72,74.02,57.69,110.03,1.17,25.15,162.7037773,29.03333333,1.166666667,0.21,0.007233065442851097,0.0413318025305777,96.92,11.237142853932243
997,Pickle_1-8-5-32H-2,1/28/2025 2:29,153.8,53.76,50.48,100.04,1.28,1/28/2025 1:55,162.04,62.95,51.96,110.08,1.11,29.76666667,137.4692049,33.53333333,1.133333333,0.05,0.0014910536780806218,0.03817097415886392,103.32000000000002,5.9647058841072464
993,Pickle_1-8-5-32H-2,1/28/2025 0:26,159.91,41.97,39.15,117.94,1.5,1/28/2025 0:04,163.94,63.79,36.6,127.34,1.27,18.5,221.1891892,22.28333333,1.216666667,0.17,0.007629020195606436,0.06731488407888031,120.75999999999999,5.408219176600499
992,Pickle_1-8-5-32H-2,1/28/2025 0:03,163.28,37.5,34.23,125.78,1.6,1/27/2025 23:38,166.13,72.29,27.51,138.62,1.48,20.78333333,196.8885325,24.78333333,1.133333333,0.05,0.002017484869134833,0.06455951581231466,129.05,8.444117649542381
972,Pickle_1-8-5-32H-2,1/27/2025 13:46,159.59,56.47,52.49,103.13,1.32,1/27/2025 13:28,162.59,84.32,38.51,124.08,1.59,13.96666667,292.9832936,17.75,1.116666667,0.14,0.007887323943661973,0.0743661971830986,107.1,15.20597014471464
971,Pickle_1-8-5-32H-2,1/27/2025 13:27,154.81,57.97,53.79,96.84,1.24,1/27/2025 13:03,160.86,72.76,42.34,118.52,1.35,20.16666667,202.9090909,24.16666667,1.15,0.19,0.007862068964432818,0.05131034482050891,101.02000000000001,15.217391304347816
970,Pickle_1-8-5-32H-2,1/27/2025 13:02,159.02,37.32,31.27,121.69,1.55,1/27/2025 12:45,162.33,75.81,30.02,132.3,1.53,13.65,299.7802198,16.91666667,1.116666667,0.16,0.009458128076954063,0.09162561574549248,127.75000000000001,4.0746268644553325
969,Pickle_1-8-5-32H-2,1/27/2025 12:44,166.42,84.84,77.59,81.58,1.04,1/27/2025 12:25,169.25,135.35,71.19,98.06,2.89,14.66666667,279.0,19.13333333,1.133333333,0.09,0.004703832753432723,0.0543554007063337,88.82999999999998,8.144117649454168
968,Pickle_1-8-5-32H-2,1/27/2025 12:24,165.18,78.21,71.73,86.98,1.11,1/27/2025 12:05,169.68,120.24,61.21,108.47,2.19,12.26666667,333.5869565,18.2,1.166666667,0.2,0.01098901098901099,0.060989010989010994,93.45,12.874285710607342
967,Pickle_1-8-5-32H-2,1/27/2025 12:04,167.92,71.14,66.39,96.78,1.23,1/27/2025 11:52,169.79,111.01,57.25,112.54,1.91,8.916666667,458.9158879,12.43333333,1.133333333,0.21,0.016890080433482595,0.09892761396754092,101.52999999999999,9.714705885210225
966,Pickle_1-8-5-32H-2,1/27/2025 11:51,167.26,70.68,67.56,96.58,1.23,1/27/2025 11:37,170.46,94.21,62.47,107.99,1.42,10.13333333,403.8157895,13.5,1.133333333,0.18,0.013333333333333332,0.09111111111111111,99.69999999999999,7.314705884504331
965,Pickle_1-8-5-32H-2,1/27/2025 11:36,160.43,44.13,40.5,116.3,1.48,1/27/2025 11:12,163.86,65.64,35.96,127.9,1.3,20.26666667,201.9078947,23.96666667,1.116666667,0.12,0.005006954102224346,0.0617524339274336,119.93,7.137313430705278
962,Pickle_1-8-5-32H-2,1/27/2025 10:19,163.08,72.18,65.32,90.9,1.16,1/27/2025 10:06,166.28,127.02,70.43,95.84,2.44,9.466666667,432.2535211,13.15,1.166666667,0.16,0.012167300380228136,0.08821292775665399,97.76000000000002,-1.6457142852440951
961,Pickle_1-8-5-32H-2,1/27/2025 10:05,167.6,65.26,61.13,102.34,1.31,1/27/2025 9:44,171.0,113.29,57.42,113.59,1.97,9.4,435.3191489,21.11666667,1.166666667,0.08,0.003788476716055489,0.062036306225408636,106.47,6.102857141113473
953,Pickle_1-8-5-32H-2,1/27/2025 6:46,161.7,47.3,44.3,114.4,1.46,1/27/2025 6:27,164.84,75.7,45.38,119.45,1.34,13.9,294.3884892,18.33333333,1.133333333,0.15,0.008181818183305786,0.07963636365084298,117.39999999999999,1.8088235299437818
952,Pickle_1-8-5-32H-2,1/27/2025 6:26,161.67,37.01,31.19,124.66,1.59,1/27/2025 6:05,163.14,81.17,33.85,129.29,1.58,17.48333333,234.0514776,21.03333333,1.166666667,0.04,0.0019017432649606565,0.0755942947821861,130.48,-1.0199999997085694
949,Pickle_1-8-5-32H-2,1/27/2025 5:31,157.92,55.0,50.04,102.92,1.31,1/27/2025 5:20,163.14,108.13,51.03,112.1,2.04,5.833333333,701.4857143,10.53333333,1.116666667,0.09,0.008544303800172248,0.12436708864695162,107.88,3.779104476483848
948,Pickle_1-8-5-32H-2,1/27/2025 5:19,164.32,71.43,68.6,92.89,1.18,1/27/2025 4:55,167.23,94.26,58.38,108.84,1.49,10.35,395.3623188,24.51666667,1.133333333,0.1,0.004078857919227892,0.04813052344688912,95.72,11.576470591640144
947,Pickle_1-8-5-32H-2,1/27/2025 4:54,160.43,32.77,27.19,127.66,1.63,1/27/2025 4:34,162.82,79.91,22.98,139.84,1.69,16.41666667,249.2588832,20.06666667,1.116666667,0.16,0.00797342192558581,0.08122923586690543,133.24,5.910447759429712
946,Pickle_1-8-5-32H-2,1/27/2025 4:32,160.57,34.9,30.91,125.67,1.6,1/27/2025 4:11,163.63,73.94,27.46,136.17,1.52,17.55,233.1623932,21.71666667,1.116666667,0.13,0.0059861857243305935,0.07367613199176115,129.66,5.829850744528394
939,Pickle_1-8-5-32H-2,1/27/2025 2:07,167.37,68.95,62.01,98.42,1.26,1/27/2025 1:51,169.33,113.03,58.58,110.76,1.97,11.38333333,359.4729136,15.93333333,1.116666667,0.17,0.010669456069177711,0.07907949792449362,105.36000000000001,4.835820894078852
938,Pickle_1-8-5-32H-2,1/27/2025 1:50,164.06,72.47,68.84,91.59,1.17,1/27/2025 1:39,167.0,119.61,61.78,105.21,2.22,2.333333333,1753.714286,10.96666667,1.083333333,0.1,0.009118541030663058,0.10668693005875776,95.22,9.221538464375854
937,Pickle_1-8-5-32H-2,1/27/2025 1:38,166.77,70.54,67.31,96.23,1.23,1/27/2025 1:22,169.27,123.79,69.72,99.56,2.19,2.516666667,1625.960265,15.98333333,1.133333333,0.11,0.006882168927399826,0.0769551616427435,99.46000000000001,0.0882352941435936
933,Pickle_1-8-5-32H-2,1/26/2025 23:57,174.17,68.58,63.93,105.6,1.35,1/26/2025 23:35,176.13,119.98,54.67,121.46,2.16,11.51666667,355.3111433,22.7,1.033333333,0.18,0.007929515418502203,0.059471365638766524,110.23999999999998,10.858064519631645
917,Pickle_1-8-5-32H-2,1/26/2025 16:04,164.75,60.59,57.34,104.16,1.33,1/26/2025 15:45,167.43,94.58,49.42,118.01,1.62,16.41666667,249.2588832,19.3,1.1,0.16,0.008290155440414507,0.0689119170984456,107.41,9.636363636363644
916,Pickle_1-8-5-32H-2,1/26/2025 15:44,164.49,80.97,77.7,83.52,1.07,1/26/2025 15:29,166.16,102.86,72.02,94.14,1.49,11.13333333,367.5449102,14.7,1.133333333,0.15,0.010204081632653062,0.0727891156462585,86.79,6.485294119554494
915,Pickle_1-8-5-32H-2,1/26/2025 15:28,155.24,83.39,80.7,71.85,0.92,1/26/2025 15:07,162.91,90.43,76.11,86.8,1.2,18.65,219.4101877,21.2,1.133333333,0.1,0.004716981132075472,0.043396226415094344,74.54,10.817647062005182
905,Pickle_1-8-5-32H-2,1/26/2025 10:16,160.6,46.43,43.08,114.17,1.46,1/26/2025 10:01,165.87,83.45,46.72,119.16,1.45,11.2,365.3571429,15.66666667,1.133333333,0.14,0.008936170210864645,0.09319148934187416,117.52,1.447058823955018
904,Pickle_1-8-5-32H-2,1/26/2025 10:00,158.99,38.48,33.61,120.51,1.54,1/26/2025 9:42,164.55,75.03,27.79,136.76,1.53,13.7,298.6861314,17.85,1.083333333,0.02,0.0011204481792717086,0.08627450980392157,125.38000000000001,10.504615387847558
903,Pickle_1-8-5-32H-2,1/26/2025 9:41,167.52,54.02,46.22,113.5,1.45,1/26/2025 9:25,170.37,108.88,47.07,123.3,2.01,11.73333333,348.75,15.6,1.133333333,0.13,0.008333333333333333,0.09294871794871795,121.30000000000001,1.76470588287196
902,Pickle_1-8-5-32H-2,1/26/2025 9:24,168.96,62.67,58.61,106.29,1.36,1/26/2025 9:13,170.46,101.56,51.43,119.02,1.73,3.6,1136.666667,10.68333333,1.133333333,0.12,0.011232449301476584,0.1273010920834013,110.35000000000001,7.650000002249989
901,Pickle_1-8-5-32H-2,1/26/2025 9:12,166.71,82.33,79.3,84.38,1.08,1/26/2025 8:50,170.69,107.96,68.17,102.51,1.63,7.266666667,563.1192661,21.8,1.116666667,0.12,0.005504587155963302,0.04954128440366973,87.41000000000001,13.522388055664953
900,Pickle_1-8-5-32H-2,1/26/2025 8:49,166.48,64.25,61.44,102.23,1.3,1/26/2025 8:34,169.73,89.07,51.45,118.29,1.47,11.21666667,364.8142645,14.65,1.133333333,0.18,0.012286689419795221,0.08873720136518772,105.03999999999999,11.691176474026829
894,Pickle_1-8-5-32H-2,1/26/2025 5:39,161.18,42.17,38.34,119.01,1.52,1/26/2025 5:22,164.17,74.75,31.75,132.42,1.48,13.18333333,310.391909,16.8,1.116666667,0.16,0.009523809523809523,0.09047619047619047,122.84,8.579104475050999
893,Pickle_1-8-5-32H-2,1/26/2025 5:21,158.41,42.71,40.16,115.7,1.48,1/26/2025 4:59,161.15,62.72,33.93,127.22,1.29,18.38333333,222.5929284,22.13333333,1.116666667,0.13,0.005873493976788177,0.06686746988958847,118.25,8.03283581849766
891,Pickle_1-8-5-32H-2,1/26/2025 4:35,160.57,66.7,63.38,93.87,1.2,1/26/2025 4:20,163.83,101.73,51.85,111.98,1.8,12.18333333,335.8686731,15.13333333,1.133333333,0.18,0.011894273130373188,0.07929515420248792,97.19,13.05000000383824
890,Pickle_1-8-5-32H-2,1/26/2025 4:19,159.39,75.73,67.56,83.66,1.07,1/26/2025 4:03,162.88,127.04,71.84,91.04,2.54,11.81666667,346.2905501,15.96666667,1.15,0.2,0.012526096030787871,0.06701461376471511,91.82999999999998,-0.6869565217391113
889,Pickle_1-8-5-32H-2,1/26/2025 4:02,162.5,48.11,42.12,114.4,1.46,1/26/2025 3:39,166.16,101.88,46.65,119.51,1.86,10.15,403.1527094,22.66666667,1.116666667,0.1,0.004411764705233564,0.06441176469641002,120.38,-0.7791044773793631
887,Pickle_1-8-5-32H-2,1/26/2025 3:18,156.6,65.95,63.18,90.64,1.16,1/26/2025 3:00,163.34,75.87,54.14,109.2,1.25,15.03333333,272.195122,17.81666667,1.133333333,0.21,0.011786716555325216,0.06510757716274881,93.41999999999999,13.923529415859877
886,Pickle_1-8-5-32H-2,1/26/2025 2:59,156.34,53.3,50.06,103.04,1.31,1/26/2025 2:32,159.68,65.75,51.63,108.05,1.15,23.4,174.8717949,27.01666667,1.116666667,0.14,0.005181986427491427,0.04848858728581264,106.28,1.5850746263925113
878,Pickle_1-8-5-32H-2,1/25/2025 23:55,158.64,40.24,33.1,118.41,1.51,1/25/2025 23:40,160.43,99.71,31.49,128.94,2.12,12.48333333,327.7970628,15.01666667,1.133333333,0.12,0.00799112097491873,0.10055493893439403,125.53999999999999,3.000000000882358
877,Pickle_1-8-5-32H-2,1/25/2025 23:39,163.83,53.81,48.53,110.01,1.4,1/25/2025 22:56,166.59,92.56,44.76,121.84,1.65,13.16666667,310.7848101,42.8,1.133333333,0.12,0.0028037383177570096,0.03271028037383177,115.30000000000001,5.770588236991343
862,Pickle_1-8-5-32H-2,1/25/2025 17:38,155.13,57.91,50.87,97.22,1.24,1/25/2025 17:20,156.51,115.97,51.84,104.67,2.58,12.38333333,330.4441454,18.01666667,1.116666667,0.16,0.0088806660483107,0.06882516187440793,104.25999999999999,0.367164178994886
861,Pickle_1-8-5-32H-2,1/25/2025 17:19,165.7,41.85,37.1,123.85,1.58,1/25/2025 16:25,168.15,89.56,38.55,129.6,1.65,12.06666667,339.1160221,54.36666667,1.166666667,0.13,0.00239117106055235,0.029061925197482408,128.6,0.8571428568979591
859,Pickle_1-8-5-32H-2,1/25/2025 15:59,156.62,66.04,62.64,90.59,1.16,1/25/2025 15:42,164.32,82.39,53.63,110.69,1.35,13.23333333,309.2191436,16.98333333,1.133333333,0.14,0.00824337586030292,0.06830225712822419,93.98,14.744117651395324
858,Pickle_1-8-5-32H-2,1/25/2025 15:41,161.81,48.65,41.47,113.16,1.44,1/25/2025 15:25,164.72,91.12,35.42,129.3,1.76,13.55,301.9926199,16.1,1.166666667,0.09,0.005590062111801242,0.08944099378881987,120.34,7.67999999780572
857,Pickle_1-8-5-32H-2,1/25/2025 15:24,165.41,77.54,69.88,87.87,1.12,1/25/2025 15:09,168.27,141.78,68.6,99.67,3.76,10.05,407.1641791,14.71666667,1.183333333,0.14,0.009513023780404752,0.07610419024323802,95.53,3.498591550281294
856,Pickle_1-8-5-32H-2,1/25/2025 15:08,168.18,66.7,60.11,101.48,1.29,1/25/2025 14:45,170.17,128.05,66.23,103.94,2.47,9.483333333,431.4938489,22.9,1.1,0.16,0.0069868995633187774,0.05633187772925765,108.07000000000001,-3.754545454545463
855,Pickle_1-8-5-32H-2,1/25/2025 14:44,167.83,65.32,62.34,102.52,1.31,1/25/2025 14:26,171.0,91.64,50.99,120.01,1.51,8.833333333,463.245283,18.23333333,1.133333333,0.09,0.004936014626130898,0.07184643511368308,105.49000000000001,12.811764709650516
847,Pickle_1-8-5-32H-2,1/25/2025 11:04,155.79,58.86,55.24,96.93,1.24,1/25/2025 10:41,162.01,67.86,48.81,113.2,1.2,19.71666667,207.5401522,23.28333333,1.133333333,0.18,0.0077308518264467925,0.05325697924885568,100.54999999999998,11.161764709165244
846,Pickle_1-8-5-32H-2,1/25/2025 10:40,155.64,60.36,57.4,95.29,1.22,1/25/2025 10:15,158.9,75.24,51.32,107.59,1.29,21.51666667,190.1781565,24.93333333,1.1,0.1,0.004010695187701965,0.04893048128996397,98.23999999999998,8.50000000000002
844,Pickle_1-8-5-32H-2,1/25/2025 9:59,160.02,76.91,69.43,83.12,1.06,1/25/2025 9:45,163.4,136.04,72.17,91.22,3.33,11.15,366.9955157,14.48333333,1.133333333,0.12,0.008285385502482251,0.07318757193859322,90.59,0.5558823531046673
843,Pickle_1-8-5-32H-2,1/25/2025 9:44,165.01,46.69,43.35,118.32,1.51,1/25/2025 9:06,167.37,71.29,35.07,132.3,1.38,13.98333333,292.6340882,37.63333333,1.116666667,0.1,0.002657218777914723,0.04012400354651231,121.66,9.528358206110951
839,Pickle_1-8-5-32H-2,1/25/2025 7:54,160.17,78.7,69.88,81.47,1.04,1/25/2025 7:40,164.06,146.51,67.17,96.88,5.52,11.05,370.3167421,14.56666667,1.133333333,0.2,0.013729977113562934,0.07139588099052727,90.28999999999999,5.8147058840631525
838,Pickle_1-8-5-32H-2,1/25/2025 7:38,166.8,44.01,40.46,122.78,1.57,1/25/2025 6:59,169.1,88.7,34.96,134.14,1.67,12.48333333,327.7970628,39.51666667,1.116666667,0.13,0.0032897511595706666,0.03973007169635343,126.34,6.985074624780559
829,Pickle_1-8-5-32H-2,1/25/2025 3:20,157.06,60.99,54.51,96.06,1.23,1/25/2025 3:04,160.17,115.83,57.34,102.83,2.32,12.15,336.7901235,15.18333333,1.116666667,0.11,0.007244785951096551,0.08100987927135234,102.55000000000001,0.25074626858185506
828,Pickle_1-8-5-32H-2,1/25/2025 3:03,164.49,56.64,53.35,107.85,1.38,1/25/2025 2:11,169.04,76.88,40.61,128.44,1.39,11.78333333,347.2701556,52.11666667,1.166666667,0.1,0.0019187719858062826,0.026479053404126696,111.14000000000001,14.828571424334678
827,Pickle_1-8-5-32H-2,1/25/2025 2:10,160.25,40.98,37.86,119.27,1.52,1/25/2025 1:55,164.4,79.39,36.05,128.35,1.51,11.95,342.4267782,15.35,1.133333333,0.17,0.011074918566775246,0.0990228013029316,122.39,5.258823530958472
826,Pickle_1-8-5-32H-2,1/25/2025 1:53,160.02,55.8,52.77,104.22,1.33,1/25/2025 1:35,164.81,76.33,53.4,111.4,1.26,14.65,279.3174061,18.36666667,1.116666667,0.11,0.00598911070671704,0.07241379309030603,107.25,3.7164179093383876
818,Pickle_1-8-5-32H-2,1/24/2025 22:25,155.64,66.67,59.17,88.97,1.14,1/24/2025 22:11,159.82,127.25,54.83,104.99,3.22,10.2,401.1764706,14.18333333,1.133333333,0.11,0.007755581670447845,0.08037602822100494,96.46999999999998,7.517647061034611
817,Pickle_1-8-5-32H-2,1/24/2025 22:10,160.17,63.42,59.03,96.75,1.23,1/24/2025 21:38,164.81,106.06,56.3,108.51,1.85,9.133333333,448.0291971,32.36666667,1.116666667,0.12,0.0037075180222752298,0.0380020597283211,101.13999999999999,6.599999998029867
813,Pickle_1-8-5-32H-2,1/24/2025 20:37,166.13,70.13,65.39,96.0,1.22,1/24/2025 20:26,167.86,118.25,62.91,104.95,2.12,6.8,601.7647059,11.15,1.133333333,0.12,0.010762331838565021,0.10941704035874439,100.74,3.714705883445509
812,Pickle_1-8-5-32H-2,1/24/2025 20:24,163.97,64.34,58.15,99.63,1.27,1/24/2025 20:04,167.34,110.9,62.37,104.97,1.86,11.2,365.3571429,20.71666667,1.15,0.12,0.005792437649912721,0.061303298461576304,105.82,-0.7391304347826038
809,Pickle_1-8-5-32H-2,1/24/2025 19:26,159.07,38.56,35.1,120.51,1.54,1/24/2025 19:06,161.67,68.23,29.42,132.25,1.42,14.75,277.4237288,19.23333333,1.133333333,0.15,0.00779896013999982,0.08006932410399815,123.97,7.305882355089967
808,Pickle_1-8-5-32H-2,1/24/2025 19:05,158.61,37.9,31.1,120.71,1.54,1/24/2025 18:45,159.27,90.08,28.79,130.48,1.89,16.86666667,242.6086957,20.68333333,1.133333333,0.12,0.0058017727648350965,0.07445608381538374,127.51000000000002,2.620588236064853
806,Pickle_1-8-5-32H-2,1/24/2025 17:50,160.17,52.52,47.78,107.65,1.37,1/24/2025 17:27,167.78,78.93,37.58,130.2,1.47,17.28333333,236.7598843,22.2,1.116666667,0.21,0.00945945945945946,0.06171171171171172,112.38999999999999,15.949253726582313
805,Pickle_1-8-5-32H-2,1/24/2025 17:26,161.26,54.85,51.7,106.41,1.36,1/24/2025 17:12,165.24,83.19,44.7,120.54,1.47,10.73333333,381.242236,14.3,1.133333333,0.19,0.013286713286713285,0.0951048951048951,109.55999999999999,9.688235296967145
804,Pickle_1-8-5-32H-2,1/24/2025 17:11,168.21,80.57,76.85,87.64,1.12,1/24/2025 16:50,171.87,119.38,69.72,102.15,1.95,17.08333333,239.5317073,20.75,1.133333333,0.16,0.007710843373493976,0.05397590361445784,91.36000000000001,9.520588238094284
803,Pickle_1-8-5-32H-2,1/24/2025 16:49,166.74,87.95,80.8,78.79,1.01,1/24/2025 16:33,171.69,132.61,85.63,86.07,2.2,11.85,345.3164557,15.8,1.133333333,0.16,0.010126582278481013,0.06392405063291139,85.94000000000001,0.11470588238666166
802,Pickle_1-8-5-32H-2,1/24/2025 16:32,169.82,63.76,59.77,106.06,1.35,1/24/2025 16:10,173.62,103.29,58.75,114.88,1.63,13.58333333,301.2515337,22.48333333,1.133333333,0.1,0.004447739066634209,0.06004447739956182,110.04999999999998,4.261764707135824
794,Pickle_1-8-5-32H-2,1/24/2025 12:34,153.25,46.0,42.11,107.25,1.37,1/24/2025 12:08,160.43,69.27,43.09,117.34,1.29,22.71666667,180.1320616,26.31666667,1.116666667,0.19,0.007219759340440816,0.05205826471791536,111.14,5.552238804312767
793,Pickle_1-8-5-32H-2,1/24/2025 12:06,152.56,51.83,44.64,100.74,1.29,1/24/2025 11:48,155.13,100.84,46.16,108.97,2.01,15.06666667,271.5929204,17.98333333,1.133333333,0.08,0.004448563485532634,0.07173308620421373,107.92,0.926470588507783
790,Pickle_1-8-5-32H-2,1/24/2025 10:54,165.41,41.24,35.41,124.17,1.58,1/24/2025 10:35,167.52,84.49,31.74,135.78,1.64,13.25,308.8301887,18.51666667,1.166666667,0.17,0.009180918090156451,0.08532853283792466,130.0,4.954285712870204
789,Pickle_1-8-5-32H-2,1/24/2025 10:34,163.83,72.76,69.91,91.07,1.16,1/24/2025 10:16,166.91,89.48,64.93,101.99,1.32,12.78333333,320.1043025,17.81666667,1.166666667,0.11,0.006173994386122732,0.06510757716274881,93.92000000000002,6.917142855166512
787,Pickle_1-8-5-32H-2,1/24/2025 10:00,160.69,47.53,41.53,113.16,1.44,1/24/2025 9:44,165.41,82.62,39.68,125.74,1.52,12.03333333,340.0554017,16.11666667,1.116666667,0.16,0.009927611166509283,0.08934850049858355,119.16,5.892537311673868
786,Pickle_1-8-5-32H-2,1/24/2025 9:43,166.51,88.32,80.76,78.18,1.0,1/24/2025 9:30,169.01,139.9,80.72,88.29,3.03,9.733333333,420.4109589,13.23333333,1.116666667,0.09,0.0068010075583881625,0.07556675064875737,85.74999999999999,2.274626864992667
779,Pickle_1-8-5-32H-2,1/24/2025 6:13,163.51,35.56,30.73,127.95,1.63,1/24/2025 5:55,165.04,71.49,28.17,136.86,1.46,14.16666667,288.8470588,18.3,1.166666667,0.14,0.007650273224043717,0.08907103825136611,132.78,3.4971428561436837
778,Pickle_1-8-5-32H-2,1/24/2025 5:54,161.09,41.97,38.58,119.13,1.52,1/24/2025 5:37,163.42,73.59,32.79,130.64,1.45,13.43333333,304.6153846,17.11666667,1.1,0.08,0.004673807204542589,0.08880233688630919,122.51,7.390909090909073
765,Pickle_1-8-5-32H-2,1/23/2025 23:59,161.12,70.02,66.79,91.1,1.16,1/23/2025 23:48,164.09,102.34,58.83,105.26,1.7,8.183333333,500.0407332,11.38333333,1.116666667,0.16,0.014055636900162706,0.10190336752617961,94.33,9.788059698570734
764,Pickle_1-8-5-32H-2,1/23/2025 23:47,157.81,66.15,61.15,91.65,1.17,1/23/2025 23:36,159.22,116.84,63.3,95.91,2.26,6.866666667,595.9223301,10.38333333,1.133333333,0.14,0.01348314607174419,0.11268057788529072,96.66,-0.6617647060769897
763,Pickle_1-8-5-32H-2,1/23/2025 23:35,168.67,76.07,70.54,92.6,1.18,1/23/2025 22:55,172.01,137.68,76.59,95.42,2.78,16.18333333,252.8527291,40.6,1.116666667,0.1,0.0024630541871921183,0.029064039408866992,98.12999999999998,-2.4268656709173353
733,Pickle_1-8-5-32H-2,1/23/2025 7:37,167.95,47.27,37.83,120.68,1.54,1/23/2025 7:20,171.18,97.61,34.68,136.5,1.86,13.25,308.8301887,17.36666667,1.116666667,0.13,0.007485604605089135,0.0886756237833636,130.12,5.713432834115388
732,Pickle_1-8-5-32H-2,1/23/2025 7:19,169.3,48.62,45.13,120.68,1.54,1/23/2025 7:01,172.24,77.05,47.92,124.32,1.31,13.21666667,309.6090794,18.05,1.133333333,0.13,0.007202216066481994,0.0853185595567867,124.17000000000002,0.13235294121537786
731,Pickle_1-8-5-32H-2,1/23/2025 6:59,166.13,39.28,35.51,126.85,1.62,1/23/2025 6:51,168.21,86.65,30.84,137.36,1.68,2.95,1387.118644,7.966666667,1.133333333,0.05,0.006276150627352463,0.2033472803262198,130.62,5.947058825278555
718,Pickle_1-8-5-32H-2,1/23/2025 0:44,162.85,54.54,46.68,108.31,1.38,1/23/2025 0:29,165.84,105.31,46.81,119.04,1.97,11.7,349.7435897,15.46666667,1.133333333,0.19,0.012284482755973172,0.08922413791180514,116.16999999999999,2.532352941921297
717,Pickle_1-8-5-32H-2,1/23/2025 0:27,164.52,35.33,32.16,129.19,1.65,1/23/2025 0:04,166.8,68.49,30.73,136.06,1.38,16.53333333,247.5,23.01666667,1.133333333,0.12,0.005213613322923445,0.07168718319019736,132.36,3.264705883313139
711,Pickle_1-8-5-32H-2,1/22/2025 22:04,161.61,78.03,73.58,83.58,1.07,1/22/2025 21:51,163.89,113.49,73.67,90.21,1.79,9.3,440.0,12.71666667,1.116666667,0.11,0.008650065528532093,0.08414154650481218,88.03000000000002,1.952238805387372
710,Pickle_1-8-5-32H-2,1/22/2025 21:50,161.98,80.25,78.1,81.73,1.04,1/22/2025 21:34,164.87,103.37,66.3,98.57,1.6,8.5,481.4117647,16.01666667,1.15,0.09,0.005619146720994975,0.06493236210927526,83.88,12.77391304347826
709,Pickle_1-8-5-32H-2,1/22/2025 21:33,160.0,81.38,77.86,78.62,1.0,1/22/2025 21:20,164.26,110.96,71.53,92.73,1.74,9.35,437.6470588,13.23333333,1.116666667,0.18,0.013602015116776325,0.07556675064875737,82.14,9.483582086721322
708,Pickle_1-8-5-32H-2,1/22/2025 21:19,163.25,48.51,44.67,114.74,1.46,1/22/2025 21:04,164.98,85.38,38.79,126.19,1.59,11.21666667,364.8142645,14.6,1.083333333,0.09,0.0061643835616438354,0.1,118.58,7.024615386776805
706,Pickle_1-8-5-32H-2,1/22/2025 20:43,163.54,69.24,66.5,94.3,1.2,1/22/2025 20:26,167.54,98.04,63.89,103.66,1.49,10.71666667,381.8351477,16.15,1.133333333,0.14,0.008668730650154801,0.07430340557275542,97.03999999999999,5.841176472306232
705,Pickle_1-8-5-32H-2,1/22/2025 20:25,164.78,38.1,34.7,126.68,1.62,1/22/2025 20:06,167.63,70.31,33.71,133.92,1.38,14.96666667,273.4075724,19.18333333,1.133333333,0.1,0.005212858384919698,0.08444830583569911,130.07999999999998,3.38823529511419
703,Pickle_1-8-5-32H-2,1/22/2025 19:27,157.55,40.15,31.71,117.4,1.5,1/22/2025 19:08,159.79,85.59,28.51,131.28,1.77,15.61666667,262.0277481,18.81666667,1.133333333,0.23,0.01222320637515975,0.07971656331625925,125.84,4.800000001411763
702,Pickle_1-8-5-32H-2,1/22/2025 19:07,157.09,53.67,50.62,103.41,1.32,1/22/2025 18:48,159.25,88.79,38.53,120.72,1.71,11.41666667,358.4233577,18.85,1.133333333,0.14,0.007427055702917772,0.070026525198939,106.47,12.573529415462803
701,Pickle_1-8-5-32H-2,1/22/2025 18:47,155.53,70.16,67.06,85.37,1.09,1/22/2025 18:38,158.09,112.25,68.61,89.48,1.95,4.7,870.6382979,8.85,1.133333333,0.21,0.023728813559322035,0.12316384180790962,88.47,0.8911764708503506
700,Pickle_1-8-5-32H-2,1/22/2025 18:37,162.3,81.17,76.07,81.13,1.03,1/22/2025 18:15,165.67,139.56,75.93,89.74,3.44,12.2,335.4098361,21.4,1.133333333,0.07,0.003271028037383178,0.04813084112149533,86.23000000000002,3.097058824440291
698,Pickle_1-8-5-32H-2,1/22/2025 17:39,165.7,37.87,34.02,127.83,1.63,1/22/2025 17:19,167.4,84.0,31.35,136.05,1.63,15.4,265.7142857,19.91666667,1.133333333,0.15,0.007531380751877592,0.08184100417040317,131.67999999999998,3.855882354075289
697,Pickle_1-8-5-32H-2,1/22/2025 17:18,165.24,42.69,38.6,122.55,1.56,1/22/2025 16:59,167.49,78.95,34.55,132.94,1.5,13.95,293.3333333,18.75,1.166666667,0.12,0.0063999999999999994,0.0832,126.64000000000001,5.399999998457128
689,Pickle_1-8-5-32H-2,1/22/2025 13:48,161.64,61.74,54.05,99.89,1.27,1/22/2025 13:35,164.23,118.57,60.38,103.85,2.27,10.01666667,408.5191348,13.16666667,1.166666667,0.18,0.013670886072488384,0.09645569617811249,107.58999999999999,-3.2057142847983626
688,Pickle_1-8-5-32H-2,1/22/2025 13:33,165.96,43.75,35.16,122.21,1.56,1/22/2025 12:49,167.75,92.48,29.93,137.81,1.83,15.25,268.3278689,44.41666667,1.166666667,0.1,0.002251407129286949,0.035121951216876404,130.8,6.008571426854686
687,Pickle_1-8-5-32H-2,1/22/2025 12:48,162.62,60.53,55.37,102.09,1.3,1/22/2025 12:34,165.12,102.13,49.81,115.32,1.83,9.4,435.3191489,13.78333333,1.116666667,0.13,0.009431680776162438,0.09431680776162439,107.25,7.2268656694845115
686,Pickle_1-8-5-32H-2,1/22/2025 12:33,157.92,59.32,56.02,98.6,1.26,1/22/2025 12:09,165.64,70.8,50.25,115.4,1.22,19.03333333,214.9912434,23.55,1.116666667,0.14,0.0059447983014862,0.0535031847133758,101.89999999999998,12.089552235197173
669,Pickle_1-8-5-32H-2,1/22/2025 4:08,162.39,62.23,57.18,100.15,1.28,1/22/2025 3:54,165.3,116.38,61.99,103.31,2.11,9.55,428.4816754,13.61666667,1.133333333,0.14,0.010281517745341123,0.09400244795740453,105.20999999999998,-1.6764705887283537
668,Pickle_1-8-5-32H-2,1/22/2025 3:53,161.61,37.67,33.06,123.94,1.58,1/22/2025 3:29,165.61,79.94,29.27,136.35,1.59,12.91666667,316.8,24.3,1.166666667,0.07,0.002880658436213992,0.06502057613168724,128.55,6.685714283804066
663,Pickle_1-8-5-32H-2,1/22/2025 2:10,162.3,50.24,46.49,112.06,1.43,1/22/2025 1:55,165.59,85.99,38.18,127.41,1.6,11.0,372.0,14.61666667,1.133333333,0.18,0.012314709233223555,0.09783352335283158,115.81,10.235294120657436
662,Pickle_1-8-5-32H-2,1/22/2025 1:54,161.81,43.49,37.45,118.32,1.51,1/22/2025 1:37,163.91,86.13,33.61,130.31,1.68,13.15,311.1787072,16.96666667,1.133333333,0.16,0.00943025540089779,0.08899803534597289,124.36,5.25000000154412
661,Pickle_1-8-5-32H-2,1/22/2025 1:36,156.68,60.3,57.7,96.38,1.23,1/22/2025 1:15,164.12,74.92,52.66,111.46,1.25,14.01666667,291.9381688,21.01666667,1.116666667,0.12,0.005709754162456819,0.0585249801651824,98.98,11.17611939964891
659,Pickle_1-8-5-32H-2,1/22/2025 0:45,161.58,74.08,71.17,87.5,1.12,1/22/2025 0:33,164.4,102.45,61.18,103.22,1.67,8.266666667,495.0,12.45,1.133333333,0.13,0.010441767068273093,0.08995983935742974,90.41000000000001,11.302941179794972
658,Pickle_1-8-5-32H-2,1/22/2025 0:32,161.15,77.17,73.57,83.98,1.07,1/22/2025 0:14,165.07,116.52,67.67,97.4,2.01,13.1,312.3664122,17.88333333,1.166666667,0.17,0.009506057783691717,0.05983224605029493,87.58000000000001,8.417142854737953
657,Pickle_1-8-5-32H-2,1/22/2025 0:13,161.29,68.58,61.85,92.72,1.18,1/21/2025 23:56,164.55,109.77,58.82,105.73,1.93,12.76666667,320.5221932,16.5,1.166666667,0.13,0.00787878787878788,0.07151515151515152,99.44,5.391428569888168
656,Pickle_1-8-5-32H-2,1/21/2025 23:55,159.36,84.55,81.37,74.81,0.95,1/21/2025 23:34,164.43,107.58,76.01,88.43,1.56,11.9,343.8655462,21.33333333,1.116666667,0.13,0.006093750000952149,0.04453125000695801,77.99000000000001,9.349253728552458
653,Pickle_1-8-5-32H-2,1/21/2025 22:47,164.61,57.5,48.79,107.1,1.37,1/21/2025 22:33,165.64,126.29,50.46,115.19,2.93,10.0,409.2,13.63333333,1.116666667,0.11,0.00806845965967444,0.10048899757958167,115.82000000000002,-0.5641791043092216
652,Pickle_1-8-5-32H-2,1/21/2025 22:32,162.53,43.64,39.86,118.89,1.52,1/21/2025 22:01,164.35,91.81,35.24,129.11,1.78,11.8,346.779661,31.0,1.166666667,0.14,0.004516129032258065,0.04903225806451613,122.67,5.5199999984228665
650,Pickle_1-8-5-32H-2,1/21/2025 21:38,158.81,69.27,66.39,89.55,1.14,1/21/2025 21:24,161.84,89.19,57.44,104.4,1.44,11.3,362.1238938,14.41666667,1.15,0.12,0.008323699420040763,0.07907514449038724,92.42,10.41739130434783
649,Pickle_1-8-5-32H-2,1/21/2025 21:23,154.75,79.76,77.32,74.99,0.96,1/21/2025 21:08,160.86,97.61,66.47,94.39,1.49,10.66666667,383.625,14.48333333,1.133333333,0.14,0.009666283086229294,0.06628308401985801,77.43,14.96470588675432
648,Pickle_1-8-5-32H-2,1/21/2025 21:07,162.7,93.05,90.15,69.65,0.89,1/21/2025 20:55,166.22,120.21,82.1,84.12,1.83,9.466666667,432.2535211,12.46666667,1.133333333,0.17,0.01363636363271755,0.07139037431246247,72.54999999999998,10.20882353241438
647,Pickle_1-8-5-32H-2,1/21/2025 20:53,163.22,94.49,90.08,68.73,0.88,1/21/2025 20:41,166.85,133.04,87.92,78.93,2.33,8.2,499.0243902,12.0,1.166666667,0.13,0.010833333333333334,0.07333333333333333,73.14,4.962857141439189
646,Pickle_1-8-5-32H-2,1/21/2025 20:40,162.7,103.86,100.0,58.84,0.75,1/21/2025 20:19,167.03,141.0,96.51,70.51,2.71,6.4,639.375,21.41666667,1.183333333,0.06,0.0028015564197974227,0.03501945524746779,62.69999999999999,6.600000001859169
645,Pickle_1-8-5-32H-2,1/21/2025 20:18,161.21,89.62,84.27,71.58,0.91,1/21/2025 20:04,166.08,123.82,86.69,79.39,1.88,11.68333333,350.2425107,14.03333333,1.133333333,0.14,0.009976247033248516,0.06484560571611535,76.94000000000001,2.161764706518156
644,Pickle_1-8-5-32H-2,1/21/2025 20:02,158.99,84.55,83.25,74.44,0.95,1/21/2025 19:43,164.63,98.24,70.17,94.47,1.42,16.71666667,244.7856431,19.36666667,1.116666667,0.07,0.0036144578307031917,0.04905335627382902,75.74000000000001,16.773134323351293
637,Pickle_1-8-5-32H-2,1/21/2025 17:34,160.51,85.61,82.54,74.9,0.96,1/21/2025 17:22,168.84,113.84,80.7,88.14,1.6,8.116666667,504.1478439,12.05,1.15,0.13,0.010788381742738589,0.07966804979253111,77.96999999999998,8.84347826086958
636,Pickle_1-8-5-32H-2,1/21/2025 17:21,166.28,66.01,63.11,100.27,1.28,1/21/2025 17:06,169.22,97.69,50.67,118.54,1.66,11.6,352.7586207,15.55,1.15,0.07,0.004501607717041801,0.08231511254019293,103.17,13.365217391304352
635,Pickle_1-8-5-32H-2,1/21/2025 17:05,162.7,55.92,51.64,106.78,1.36,1/21/2025 16:50,168.24,91.87,45.71,122.53,1.6,10.13333333,403.8157895,14.73333333,1.133333333,0.19,0.012895927604727585,0.0923076923285764,111.05999999999999,10.120588238270773
634,Pickle_1-8-5-32H-2,1/21/2025 16:49,167.4,61.31,57.27,106.09,1.35,1/21/2025 16:32,168.81,92.94,46.95,121.86,1.61,12.43333333,329.1152815,16.2,1.166666667,0.14,0.008641975308641976,0.08333333333333334,110.13,10.054285711413064
633,Pickle_1-8-5-32H-2,1/21/2025 16:31,165.96,64.31,55.93,101.65,1.3,1/21/2025 16:16,168.32,132.26,60.59,107.73,2.99,11.0,372.0,15.03333333,1.133333333,0.17,0.011308203993638183,0.0864745011278214,110.03,-2.0294117653027657
632,Pickle_1-8-5-32H-2,1/21/2025 16:15,168.58,64.42,59.95,104.16,1.33,1/21/2025 15:40,171.61,93.86,52.45,119.16,1.53,9.666666667,423.3103448,35.48333333,1.116666667,0.09,0.0025364020669362518,0.03748238610028017,108.63000000000001,9.429850743453764
625,Pickle_1-8-5-32H-2,1/21/2025 13:09,160.51,55.83,52.6,104.68,1.34,1/21/2025 12:55,162.96,87.06,44.48,118.48,1.56,10.63333333,384.8275862,14.41666667,1.1,0.11,0.007630057801704033,0.09294797685712186,107.91,9.609090909090915
624,Pickle_1-8-5-32H-2,1/21/2025 12:54,150.31,80.97,74.43,69.34,0.88,1/21/2025 12:41,159.42,94.47,65.83,93.59,1.44,9.5,430.7368421,13.11666667,1.133333333,0.14,0.010673443453450206,0.06709021599311557,75.88,15.626470592831323
623,Pickle_1-8-5-32H-2,1/21/2025 12:40,160.57,65.87,62.66,94.71,1.21,1/21/2025 12:25,161.72,96.69,51.34,110.39,1.7,12.7,322.2047244,14.98333333,1.133333333,0.15,0.010011123472749971,0.08075639601351643,97.91,11.011764709121111
622,Pickle_1-8-5-32H-2,1/21/2025 12:24,163.25,67.25,62.79,96.0,1.22,1/21/2025 12:04,168.12,109.26,66.28,101.84,1.73,14.6,280.2739726,19.33333333,1.116666667,0.19,0.009827586208590963,0.06310344828674198,100.46000000000001,1.2358208951534821
621,Pickle_1-8-5-32H-2,1/21/2025 12:03,164.32,69.61,62.59,94.7,1.21,1/21/2025 11:45,167.54,123.01,66.58,100.96,2.27,12.98333333,315.1732991,18.46666667,1.116666667,0.07,0.0037906137177273268,0.06552346569214378,101.72999999999999,-0.68955223860013
607,Pickle_1-8-5-32H-2,1/21/2025 4:17,163.71,41.56,38.32,122.15,1.56,1/21/2025 4:00,166.22,77.17,35.75,130.47,1.47,13.0,314.7692308,16.95,1.133333333,0.15,0.008849557522123894,0.09203539823008851,125.39000000000001,4.482352942494796
606,Pickle_1-8-5-32H-2,1/21/2025 3:59,159.13,48.88,45.36,110.25,1.41,1/21/2025 3:42,161.87,76.99,46.31,115.56,1.36,12.8,319.6875,16.93333333,1.166666667,0.09,0.005314960630967511,0.08326771655182436,113.77,1.5342857138473522
601,Pickle_1-8-5-32H-2,1/21/2025 1:28,159.82,36.83,33.27,122.99,1.57,1/21/2025 1:14,160.57,73.39,28.56,132.02,1.51,11.23333333,364.272997,14.71666667,1.116666667,0.15,0.01019252547900509,0.10668176668025328,126.54999999999998,4.898507461224351
600,Pickle_1-8-5-32H-2,1/21/2025 1:13,157.89,37.38,34.31,120.51,1.54,1/21/2025 0:55,159.13,68.43,29.34,129.79,1.43,13.55,301.9926199,17.53333333,1.133333333,0.13,0.0074144486706111115,0.08783269963647009,123.57999999999998,5.479411766317481
599,Pickle_1-8-5-32H-2,1/21/2025 0:54,159.91,54.51,51.02,105.4,1.34,1/21/2025 0:35,161.38,79.42,44.79,116.59,1.42,13.98333333,292.6340882,18.48333333,1.133333333,0.11,0.005951307485293293,0.07249774572993647,108.88999999999999,6.7941176490571085
598,Pickle_1-8-5-32H-2,1/21/2025 0:34,156.83,62.15,59.29,94.68,1.21,1/21/2025 0:20,159.91,93.0,46.47,113.44,1.7,10.51666667,389.0966719,14.26666667,1.133333333,0.12,0.008411214951305791,0.08481308409233339,97.54000000000002,14.02941176883216
597,Pickle_1-8-5-32H-2,1/21/2025 0:19,161.61,61.05,52.3,100.56,1.28,1/21/2025 0:04,163.74,111.07,49.56,114.19,2.17,11.1,368.6486486,14.81666667,1.133333333,0.22,0.014848143978661835,0.08638920133039613,109.31000000000002,4.305882354207596
596,Pickle_1-8-5-32H-2,1/21/2025 0:03,161.06,45.28,38.3,115.78,1.48,1/20/2025 23:43,164.06,96.54,38.09,125.97,1.87,13.26666667,308.4422111,19.78333333,1.116666667,0.14,0.007076663859659084,0.07481044651639603,122.76,2.8746268648135387
595,Pickle_1-8-5-32H-2,1/20/2025 23:42,160.17,37.55,35.22,122.61,1.56,1/20/2025 23:21,163.25,68.03,39.7,123.56,1.3,14.96666667,273.4075724,20.75,1.133333333,0.13,0.006265060240963856,0.07518072289156627,124.94999999999999,-1.2264705885960088
590,Pickle_1-8-5-32H-2,1/20/2025 21:54,162.47,39.51,33.1,122.96,1.57,1/20/2025 21:38,165.59,90.37,31.15,134.44,1.79,12.15,336.7901235,16.61666667,1.133333333,0.15,0.009027081241920344,0.09448345033209961,129.37,4.473529413080444
589,Pickle_1-8-5-32H-2,1/20/2025 21:36,161.84,33.46,29.81,128.38,1.64,1/20/2025 21:19,165.3,71.23,27.97,137.33,1.46,13.06666667,313.1632653,17.78333333,1.133333333,0.13,0.007310215559008475,0.09222118089826076,132.03,4.676470589610737
588,Pickle_1-8-5-32H-2,1/20/2025 21:18,159.42,55.8,53.25,103.62,1.32,1/20/2025 20:59,163.02,72.76,49.44,113.58,1.26,14.78333333,276.7981962,18.83333333,1.116666667,0.09,0.004778761062792701,0.0700884955876263,106.16999999999999,6.635820893541555
585,Pickle_1-8-5-32H-2,1/20/2025 20:17,162.01,59.9,52.75,102.11,1.3,1/20/2025 20:03,164.95,121.31,44.24,120.71,2.77,10.48333333,390.3338633,14.5,1.15,0.19,0.01310344827586207,0.0896551724137931,109.25999999999999,9.956521739130437
584,Pickle_1-8-5-32H-2,1/20/2025 20:02,162.85,48.25,45.44,114.6,1.46,1/20/2025 19:22,166.13,68.92,45.69,120.44,1.24,13.41666667,304.9937888,39.96666667,1.1,0.2,0.005004170141367459,0.03653044203198245,117.41,2.7545454545454553
580,Pickle_1-8-5-32H-2,1/20/2025 18:22,155.5,85.21,77.74,70.29,0.9,1/20/2025 18:10,161.09,145.47,82.66,78.43,5.02,8.133333333,503.1147541,11.75,1.116666667,0.13,0.011063829787234043,0.07659574468085106,77.76,0.599999999820897
579,Pickle_1-8-5-32H-2,1/20/2025 18:09,167.69,41.39,34.9,126.3,1.61,1/20/2025 17:36,169.53,94.12,32.62,136.91,1.82,12.71666667,321.7824377,33.6,1.166666667,0.1,0.002976190476190476,0.04791666666666667,132.79,3.5314285704195956
560,Pickle_1-8-5-32H-2,1/20/2025 9:14,157.06,53.76,50.67,103.3,1.32,1/20/2025 9:01,159.76,70.85,39.61,120.16,1.35,10.25,399.2195122,13.61666667,1.133333333,0.11,0.008078335371339453,0.09694002445607343,106.39,12.150000003573526
559,Pickle_1-8-5-32H-2,1/20/2025 9:00,151.96,39.0,36.29,112.96,1.44,1/20/2025 8:42,153.54,59.98,33.94,119.6,1.28,13.48333333,303.4857849,17.05,1.083333333,0.16,0.0093841642228739,0.0844574780058651,115.67000000000002,3.627692308808501
558,Pickle_1-8-5-32H-2,1/20/2025 8:41,152.19,53.96,47.78,98.23,1.25,1/20/2025 8:27,153.83,99.91,47.37,106.46,1.97,11.28333333,362.6587888,14.63333333,1.15,0.06,0.004100227791366795,0.08542141232014155,104.41,1.7826086956521716
556,Pickle_1-8-5-32H-2,1/20/2025 7:33,160.86,45.68,41.45,115.18,1.47,1/20/2025 7:17,163.22,78.67,32.43,130.79,1.55,12.58333333,325.192053,16.85,1.116666667,0.12,0.007121661721068248,0.08724035608308604,119.41000000000001,10.191044773077282
555,Pickle_1-8-5-32H-2,1/20/2025 7:15,150.05,77.05,72.71,73.0,0.93,1/20/2025 7:00,159.45,90.29,73.23,86.22,1.25,10.73333333,381.242236,15.0,1.133333333,0.17,0.011333333333333334,0.062000000000000006,77.34000000000002,7.835294119951541
554,Pickle_1-8-5-32H-2,1/20/2025 6:59,157.37,45.63,42.61,111.75,1.43,1/20/2025 6:42,160.08,63.91,36.3,123.79,1.29,14.48333333,282.5316456,17.0,1.083333333,0.04,0.0023529411764705885,0.08411764705882352,114.76,8.335384617949352
553,Pickle_1-8-5-32H-2,1/20/2025 6:41,155.85,58.8,50.33,97.04,1.24,1/20/2025 6:28,158.04,126.64,52.41,105.62,3.36,8.833333333,463.245283,12.88333333,1.133333333,0.09,0.006985769730138621,0.09624838294857656,105.52,0.08823529414360615
552,Pickle_1-8-5-32H-2,1/20/2025 6:27,162.13,60.82,57.85,101.31,1.29,1/20/2025 5:36,167.72,72.29,48.79,118.93,1.25,15.91666667,257.0890052,51.4,1.133333333,0.11,0.0021400778210116734,0.02509727626459144,104.28,12.926470592037203
549,Pickle_1-8-5-32H-2,1/20/2025 4:32,152.79,47.82,43.96,104.97,1.34,1/20/2025 4:20,157.63,78.75,42.27,115.36,1.46,9.183333333,445.5898367,12.33333333,1.116666667,0.09,0.007297297299269539,0.10864864867801315,108.82999999999998,5.847761192284264
548,Pickle_1-8-5-32H-2,1/20/2025 4:18,157.29,54.39,47.93,102.9,1.31,1/20/2025 4:06,159.59,109.52,42.75,116.84,2.33,8.533333333,479.53125,12.15,1.166666667,0.09,0.007407407407407407,0.10781893004115227,109.35999999999999,6.41142856959675
547,Pickle_1-8-5-32H-2,1/20/2025 4:05,165.04,47.39,42.69,117.65,1.5,1/20/2025 3:31,167.03,90.0,40.8,126.23,1.64,11.93333333,342.9050279,33.93333333,1.15,0.12,0.0035363457763788156,0.04420432220473519,122.35,3.3739130434782694
546,Pickle_1-8-5-32H-2,1/20/2025 3:30,160.8,64.86,61.38,95.95,1.22,1/20/2025 3:20,164.03,96.71,56.99,107.04,1.59,4.566666667,896.0583942,10.03333333,1.133333333,0.11,0.010963455153144005,0.12159468442577896,99.42000000000002,6.723529413742206
545,Pickle_1-8-5-32H-2,1/20/2025 3:19,157.0,66.73,63.29,90.27,1.15,1/20/2025 3:01,161.84,92.91,53.6,108.24,1.57,10.06666667,406.4900662,17.61666667,1.15,0.1,0.005676442761461411,0.06527909175680621,93.71000000000001,12.634782608695641
544,Pickle_1-8-5-32H-2,1/20/2025 3:00,155.67,38.33,34.64,117.34,1.5,1/20/2025 2:40,156.45,73.79,30.45,126.0,1.52,16.75,244.2985075,20.0,1.133333333,0.15,0.0075,0.075,121.02999999999999,4.385294118936863
543,Pickle_1-8-5-32H-2,1/20/2025 2:39,153.11,62.67,59.44,90.44,1.15,1/20/2025 2:24,159.3,78.93,60.89,98.42,1.22,11.05,370.3167421,14.98333333,1.116666667,0.09,0.006006674083649983,0.07675194662441644,93.67000000000002,4.253731342013799
540,Pickle_1-8-5-32H-2,1/20/2025 1:04,163.83,53.38,50.36,110.45,1.41,1/20/2025 0:51,165.99,86.16,40.85,125.14,1.57,8.9,459.7752809,12.93333333,1.116666667,0.1,0.007731958764879371,0.10902061858479913,113.47000000000001,10.450746265537079
539,Pickle_1-8-5-32H-2,1/20/2025 0:50,157.46,51.85,49.42,105.61,1.35,1/20/2025 0:23,163.31,61.57,45.3,118.01,1.16,22.53333333,181.5976331,26.8,1.133333333,0.18,0.006716417910447761,0.05037313432835821,108.04,8.797058826116782
530,Pickle_1-8-5-32H-2,1/19/2025 19:54,158.67,75.38,74.08,83.29,1.06,1/19/2025 19:35,162.04,89.48,66.72,95.32,1.31,14.63333333,279.6355353,18.4,1.133333333,0.13,0.007065217391304349,0.05760869565217392,84.58999999999999,9.467647061608135
529,Pickle_1-8-5-32H-2,1/19/2025 19:34,154.38,81.29,78.46,73.09,0.93,1/19/2025 19:21,158.01,101.82,68.2,89.81,1.6,9.633333333,424.7750865,12.83333333,1.15,0.08,0.006233766235385393,0.07246753248635521,75.92,12.078260869565218
523,Pickle_1-8-5-32H-2,1/19/2025 17:06,160.69,60.96,57.2,99.72,1.27,1/19/2025 16:54,161.78,85.36,45.62,116.16,1.52,7.6,538.4210526,11.6,1.116666667,0.13,0.01120689655172414,0.10948275862068967,103.49,11.346268653329473
522,Pickle_1-8-5-32H-2,1/19/2025 16:53,158.3,40.21,37.39,118.09,1.51,1/19/2025 16:37,161.95,65.32,32.47,129.48,1.34,11.68333333,350.2425107,16.03333333,1.15,0.18,0.01122661122894524,0.09417879419837397,120.91000000000001,7.4521739130434606
521,Pickle_1-8-5-32H-2,1/19/2025 16:36,157.09,50.9,47.66,106.18,1.35,1/19/2025 16:21,161.64,79.13,39.47,122.17,1.48,10.83333333,377.7230769,15.01666667,1.133333333,0.09,0.0059933407311890475,0.08990011096783572,109.43,11.241176473894459
518,Pickle_1-8-5-32H-2,1/19/2025 15:52,162.56,52.95,46.61,109.61,1.4,1/19/2025 15:33,165.07,112.98,48.79,116.27,2.23,9.083333333,450.4954128,18.71666667,1.133333333,0.14,0.007479964379789856,0.07479964379789855,115.95,0.28235294125950955
517,Pickle_1-8-5-32H-2,1/19/2025 15:32,160.28,41.47,38.23,118.81,1.52,1/19/2025 15:08,163.83,66.76,35.21,128.62,1.33,13.31666667,307.2841051,23.73333333,1.133333333,0.1,0.0042134831466591974,0.0640449438292198,122.05000000000001,5.797058825234424
514,Pickle_1-8-5-32H-2,1/19/2025 14:20,153.37,39.8,33.62,113.57,1.45,1/19/2025 14:06,156.22,103.49,33.71,122.51,2.32,10.45,391.5789474,14.13333333,1.133333333,0.1,0.007075471699781952,0.10259433964683828,119.75,2.4352941183633265
513,Pickle_1-8-5-32H-2,1/19/2025 14:05,162.93,70.36,61.93,92.57,1.18,1/19/2025 13:44,165.07,131.77,64.63,100.44,3.02,7.183333333,569.6519722,20.9,1.1,0.09,0.00430622009569378,0.05645933014354067,101.0,-0.5090909090909111
508,Pickle_1-8-5-32H-2,1/19/2025 12:06,162.99,64.89,55.74,98.11,1.25,1/19/2025 11:53,165.33,128.37,56.07,109.26,2.96,8.316666667,492.0240481,13.31666667,1.133333333,0.12,0.00901126407784449,0.09386733414421343,107.25,1.7735294122863368
507,Pickle_1-8-5-32H-2,1/19/2025 11:52,163.08,74.14,70.45,88.94,1.13,1/19/2025 11:16,167.89,88.3,63.73,104.17,1.31,12.6,324.7619048,35.8,1.116666667,0.1,0.0027932960893854754,0.03156424581005587,92.63000000000001,10.334328355124073
503,Pickle_1-8-5-32H-2,1/19/2025 9:42,151.55,49.66,42.59,101.89,1.3,1/19/2025 9:29,153.57,99.68,45.64,107.93,2.0,10.88333333,375.9877489,13.48333333,1.133333333,0.16,0.011866501857074536,0.09641532758873061,108.96000000000001,-0.9088235296790668
502,Pickle_1-8-5-32H-2,1/19/2025 9:28,161.49,60.91,57.72,100.59,1.28,1/19/2025 8:51,165.24,106.23,50.69,114.55,1.94,6.266666667,652.9787234,37.0,1.133333333,0.1,0.002702702702702703,0.034594594594594595,103.77000000000001,9.51176470867992
501,Pickle_1-8-5-32H-2,1/19/2025 8:50,163.89,44.16,39.61,119.73,1.53,1/19/2025 8:37,164.78,80.89,34.29,130.49,1.56,8.366666667,489.0836653,12.31666667,1.133333333,0.14,0.011366711769589524,0.12422192148194265,124.27999999999999,5.479411766317494
500,Pickle_1-8-5-32H-2,1/19/2025 8:36,158.09,52.43,49.47,105.66,1.35,1/19/2025 8:22,161.52,78.29,40.98,120.54,1.45,9.533333333,429.2307692,13.85,1.116666667,0.13,0.009386281588447653,0.09747292418772564,108.62,10.674626862485187
499,Pickle_1-8-5-32H-2,1/19/2025 8:21,153.48,58.02,55.53,95.46,1.22,1/19/2025 8:00,157.72,73.62,48.57,109.15,1.3,17.33333333,236.0769231,20.8,1.133333333,0.14,0.006730769230769231,0.058653846153846154,97.94999999999999,9.88235294408306
494,Pickle_1-8-5-32H-2,1/19/2025 6:47,161.15,69.76,66.24,91.39,1.17,1/19/2025 6:37,164.43,108.33,57.66,106.78,1.9,5.933333333,689.6629213,10.16666667,1.166666667,0.11,0.010819672127600108,0.11508196717538295,94.91000000000001,10.174285711378767
493,Pickle_1-8-5-32H-2,1/19/2025 6:36,156.02,52.6,49.98,103.42,1.32,1/19/2025 6:24,159.62,79.56,42.98,116.64,1.46,9.383333333,436.0923623,11.7,1.116666667,0.14,0.011965811965811968,0.11282051282051284,106.04000000000002,9.492537310599225
492,Pickle_1-8-5-32H-2,1/19/2025 6:23,153.11,40.84,37.81,112.27,1.43,1/19/2025 5:58,160.66,56.5,33.11,127.55,1.22,21.81666667,187.5630252,25.7,1.116666667,0.12,0.004669260700389105,0.0556420233463035,115.30000000000001,10.97014925045666
489,Pickle_1-8-5-32H-2,1/19/2025 5:33,164.12,71.0,67.99,93.12,1.19,1/19/2025 5:19,167.2,108.97,70.68,96.52,1.66,4.5,909.3333333,13.45,1.133333333,0.18,0.013382899628252789,0.08847583643122676,96.13000000000001,0.3441176471600226
488,Pickle_1-8-5-32H-2,1/19/2025 5:18,163.91,87.92,84.22,75.99,0.97,1/19/2025 5:02,166.97,125.86,76.56,90.41,2.2,5.316666667,769.6551724,16.48333333,1.133333333,0.03,0.0018200202228149686,0.05884732053768398,79.69,9.45882353219377
487,Pickle_1-8-5-32H-2,1/19/2025 5:01,164.0,51.16,48.33,112.84,1.44,1/19/2025 4:52,165.79,91.67,43.22,122.56,1.65,2.783333333,1470.179641,8.9,1.183333333,0.17,0.019101123595505618,0.16179775280898875,115.67,5.8225352129077566
486,Pickle_1-8-5-32H-2,1/19/2025 4:51,160.8,65.52,62.24,95.28,1.22,1/19/2025 4:30,164.38,93.08,55.87,108.5,1.52,11.71666667,349.2460882,20.78333333,1.133333333,0.1,0.004811547715286535,0.058700882126495726,98.56,8.770588237873701
483,Pickle_1-8-5-32H-2,1/19/2025 3:47,153.94,71.63,68.58,82.31,1.05,1/19/2025 3:36,159.16,91.96,59.8,99.36,1.48,6.65,615.3383459,10.81666667,1.15,0.1,0.009244992292990757,0.09707241907640296,85.36,12.173913043478262
479,Pickle_1-8-5-32H-2,1/19/2025 2:47,163.22,49.58,45.63,113.65,1.45,1/19/2025 2:33,166.25,91.21,46.25,120.0,1.6,10.51666667,389.0966719,14.1,1.133333333,0.16,0.011347517730496455,0.10283687943262411,117.59,2.1264705888607236
478,Pickle_1-8-5-32H-2,1/19/2025 2:32,162.39,72.29,68.81,90.09,1.15,1/19/2025 2:13,165.87,93.0,70.93,94.94,1.3,13.7,298.6861314,19.05,1.133333333,0.09,0.004724409448818898,0.06036745406824146,93.57999999999998,1.2000000003529532
474,Pickle_1-8-5-32H-2,1/19/2025 1:43,165.7,77.43,72.81,88.27,1.13,1/19/2025 1:25,169.76,123.76,76.17,93.6,2.03,7.916666667,516.8842105,18.3,1.133333333,0.18,0.009836065573770491,0.06174863387978141,92.88999999999999,0.6264705884195573
473,Pickle_1-8-5-32H-2,1/19/2025 1:24,166.51,79.44,76.06,87.06,1.11,1/19/2025 1:12,169.1,111.59,76.17,92.93,1.62,5.633333333,726.3905325,12.08333333,1.133333333,0.08,0.006620689656998811,0.09186206899085851,90.44999999999999,2.1882352947612618
469,Pickle_1-8-5-32H-2,1/18/2025 23:41,155.7,50.53,45.86,105.17,1.34,1/18/2025 23:25,160.28,82.44,44.45,115.84,1.49,11.28333333,362.6587888,15.46666667,1.183333333,0.11,0.007112068963984468,0.0866379310158108,109.83999999999999,5.070422536639568
468,Pickle_1-8-5-32H-2,1/18/2025 23:24,158.04,87.17,81.05,70.86,0.9,1/18/2025 23:13,159.3,133.1,69.87,89.44,3.41,7.633333333,536.069869,11.11666667,1.116666667,0.09,0.008095952021560434,0.08095952021560433,76.99,11.14925372801515
467,Pickle_1-8-5-32H-2,1/18/2025 23:12,167.03,93.83,89.7,73.19,0.93,1/18/2025 22:51,168.9,128.75,75.39,93.5,2.33,5.0,818.4,21.0,1.15,0.23,0.010952380952380953,0.04428571428571429,77.33,14.060869565217393
466,Pickle_1-8-5-32H-2,1/18/2025 22:50,165.96,86.91,83.97,79.05,1.01,1/18/2025 22:43,168.24,126.01,77.48,90.75,2.15,2.466666667,1658.918919,6.6,1.116666667,0.23,0.03484848484848485,0.15303030303030304,81.99000000000001,7.844776117061253
465,Pickle_1-8-5-32H-2,1/18/2025 22:42,164.09,103.86,100.73,60.22,0.77,1/18/2025 22:25,167.95,132.49,100.21,67.73,1.91,8.45,484.260355,17.41666667,1.15,0.11,0.006315789472475446,0.04421052630732813,63.36,3.8000000000000043
464,Pickle_1-8-5-32H-2,1/18/2025 22:24,162.5,93.25,89.63,69.25,0.88,1/18/2025 22:14,165.64,128.54,87.54,78.1,2.11,6.583333333,621.5696203,9.9,1.116666667,0.08,0.00808080808080808,0.08888888888888889,72.87,4.683582088154145
437,Pickle_1-8-5-32H-2,1/18/2025 12:36,165.41,66.79,63.35,98.62,1.26,1/18/2025 12:22,167.52,110.35,61.48,106.04,1.85,2.616666667,1563.821656,13.38333333,1.116666667,0.11,0.0082191780842389,0.0941469489649183,102.06,3.5641791034136814
436,Pickle_1-8-5-32H-2,1/18/2025 12:21,164.0,57.76,51.64,106.24,1.36,1/18/2025 11:59,166.85,104.76,55.77,111.08,1.79,12.38333333,330.4441454,22.23333333,1.1,0.09,0.004047976012600896,0.06116941530152465,112.36,-1.1636363636363645
431,Pickle_1-8-5-32H-2,1/18/2025 10:50,160.49,74.69,67.06,85.8,1.09,1/18/2025 10:32,164.14,137.37,75.9,88.25,3.3,14.41666667,283.8381503,17.76666667,1.15,0.26,0.014634146338717798,0.06135084426616307,93.43,-4.5043478260869625
430,Pickle_1-8-5-32H-2,1/18/2025 10:31,163.28,32.31,28.8,130.97,1.67,1/18/2025 9:57,167.37,61.83,28.31,139.07,1.32,11.28333333,362.6587888,33.68333333,1.1,0.01,0.0002968827313505079,0.04957941613553482,134.48,4.1727272727272755
419,Pickle_1-8-5-32H-2,1/18/2025 5:13,155.18,32.08,29.46,123.11,1.57,1/18/2025 4:48,158.41,50.01,29.23,129.18,1.19,21.71666667,188.4267076,25.21666667,1.133333333,0.18,0.007138136152394166,0.06226040977366023,125.72,3.052941177368519
418,Pickle_1-8-5-32H-2,1/18/2025 4:47,152.94,50.38,43.45,102.55,1.31,1/18/2025 4:32,155.33,99.19,34.04,121.29,2.16,11.31666667,361.5905744,15.1,1.133333333,0.05,0.003311258278145696,0.08675496688741723,109.49,10.411764708944647
413,Pickle_1-8-5-32H-2,1/18/2025 1:51,150.37,37.01,30.92,113.36,1.45,1/18/2025 1:35,151.26,86.85,25.75,125.51,1.95,12.26666667,333.5869565,15.6,1.133333333,0.13,0.008333333333333333,0.09294871794871795,119.45,5.347058825102079
412,Pickle_1-8-5-32H-2,1/18/2025 1:34,162.73,79.59,73.51,83.14,1.06,1/18/2025 1:06,166.02,127.97,69.73,96.29,2.53,6.916666667,591.6144578,28.46666667,1.166666667,0.14,0.004918032786309365,0.03723653395348519,89.21999999999998,6.059999998268589
411,Pickle_1-8-5-32H-2,1/18/2025 1:05,164.46,42.77,38.0,121.69,1.55,1/18/2025 0:49,165.99,90.11,34.35,131.64,1.73,7.633333333,536.069869,15.75,1.1,0.12,0.007619047619047619,0.09841269841269841,126.46000000000001,4.7090909090908895
410,Pickle_1-8-5-32H-2,1/18/2025 0:48,160.8,27.26,24.15,133.54,1.7,1/18/2025 0:31,163.22,55.95,21.22,142.0,1.32,13.11666667,311.9695044,16.88333333,1.133333333,0.1,0.00592300098833623,0.1006910168017159,136.65,4.720588236682521
408,Pickle_1-8-5-32H-2,1/18/2025 0:09,152.56,34.82,31.25,117.75,1.5,1/17/2025 23:50,155.04,56.24,29.35,125.69,1.27,15.41666667,265.427027,18.33333333,1.166666667,0.13,0.007090909092198348,0.08181818183305786,121.31,3.754285713213057
407,Pickle_1-8-5-32H-2,1/17/2025 23:49,153.77,55.69,51.92,98.08,1.25,1/17/2025 23:37,154.64,78.81,38.94,115.7,1.53,8.5,481.4117647,11.95,1.133333333,0.06,0.00502092050209205,0.10460251046025106,101.85000000000001,12.220588238888404
403,Pickle_1-8-5-32H-2,1/17/2025 22:33,157.66,49.14,45.2,108.52,1.38,1/17/2025 22:21,160.66,89.62,40.36,120.29,1.69,7.183333333,569.6519722,11.31666667,1.216666667,0.14,0.01237113401697463,0.12194403531017847,112.46,6.435616436592992
402,Pickle_1-8-5-32H-2,1/17/2025 22:20,152.24,45.83,43.38,106.42,1.36,1/17/2025 21:59,160.46,56.15,28.35,132.11,1.27,17.05,240.0,21.0,1.133333333,0.13,0.006190476190476191,0.06476190476190477,108.86000000000001,20.51470588838668
397,Pickle_1-8-5-32H-2,1/17/2025 20:19,156.02,33.69,26.97,122.33,1.56,1/17/2025 20:01,158.41,79.76,27.23,131.18,1.67,13.33333333,306.9,17.18333333,1.116666667,0.14,0.008147429681502897,0.09078564502246085,129.05,1.9074626859977681
396,Pickle_1-8-5-32H-2,1/17/2025 20:00,156.48,32.08,28.51,124.4,1.59,1/17/2025 19:45,158.81,60.42,27.75,131.06,1.33,11.78333333,347.2701556,15.6,1.133333333,0.1,0.006410256410256411,0.10192307692307694,127.96999999999998,2.7264705890372127
394,Pickle_1-8-5-32H-2,1/17/2025 19:26,152.39,57.04,53.0,95.34,1.22,1/17/2025 19:14,160.08,85.85,47.1,112.98,1.52,8.166666667,501.0612245,12.25,1.133333333,0.13,0.010612244897959184,0.09959183673469388,99.38999999999999,11.991176474115068
393,Pickle_1-8-5-32H-2,1/17/2025 19:13,161.0,62.58,53.08,98.42,1.26,1/17/2025 19:02,163.4,118.74,51.56,111.83,2.5,7.733333333,529.137931,11.0,1.166666667,0.15,0.013636363636363636,0.11454545454545455,107.92,3.3514285704710174
392,Pickle_1-8-5-32H-2,1/17/2025 19:01,161.7,55.05,48.34,106.64,1.36,1/17/2025 18:44,165.15,120.47,44.13,121.02,2.71,8.7,470.3448276,16.85,1.133333333,0.13,0.00771513353115727,0.08071216617210683,113.35999999999999,6.758823531399663
391,Pickle_1-8-5-32H-2,1/17/2025 18:43,159.07,49.17,46.09,109.9,1.4,1/17/2025 18:20,164.0,70.13,36.41,127.59,1.36,9.616666667,425.5112652,22.7,1.133333333,0.15,0.006607929515418502,0.06167400881057269,112.97999999999999,12.89117647437977
382,Pickle_1-8-5-32H-2,1/17/2025 15:24,162.21,83.88,75.42,78.33,1.0,1/17/2025 15:12,165.61,147.98,79.06,86.55,4.91,6.4,639.375,12.03333333,1.133333333,0.13,0.010803324102715603,0.08310249309781233,86.79,-0.21176470594464472
381,Pickle_1-8-5-32H-2,1/17/2025 15:11,164.26,36.2,29.46,128.06,1.63,1/17/2025 14:45,165.64,86.19,25.61,140.04,1.76,9.566666667,427.7351916,26.01666667,1.133333333,0.12,0.0046124279302226226,0.06265214605219063,134.79999999999998,4.623529413124576
380,Pickle_1-8-5-32H-2,1/17/2025 14:44,162.04,36.37,33.19,125.67,1.6,1/17/2025 14:26,163.63,59.98,28.46,135.16,1.3,12.73333333,321.3612565,17.16666667,1.133333333,0.14,0.008155339804241681,0.09320388347704779,128.85,5.567647060461075
379,Pickle_1-8-5-32H-2,1/17/2025 14:25,155.5,35.62,31.75,119.88,1.53,1/17/2025 14:04,160.28,53.58,26.3,133.98,1.26,17.7,231.1864407,21.53333333,1.133333333,0.08,0.0037151702792128745,0.07105263158994622,123.75,9.02647059089013
375,Pickle_1-8-5-32H-2,1/17/2025 12:29,161.06,36.95,32.38,124.11,1.58,1/17/2025 12:15,163.14,77.34,29.07,134.07,1.56,8.35,490.0598802,14.35,1.133333333,0.15,0.010452961672473867,0.11010452961672475,128.68,4.7558823543399535
374,Pickle_1-8-5-32H-2,1/17/2025 12:14,160.49,32.05,28.79,128.44,1.64,1/17/2025 11:50,163.74,51.31,25.94,137.8,1.23,19.5,209.8461538,23.93333333,1.133333333,0.11,0.004596100279191657,0.06852367688976653,131.70000000000002,5.3823529427595105
357,Pickle_1-8-5-32H-2,1/17/2025 3:08,160.4,29.31,25.0,131.09,1.67,1/17/2025 2:59,162.27,66.79,22.36,139.91,1.47,3.466666667,1180.384615,8.166666667,1.133333333,0.16,0.019591836733894214,0.20448979591002084,135.4,3.9794117658762898
356,Pickle_1-8-5-32H-2,1/17/2025 2:58,157.78,29.91,26.49,127.86,1.63,1/17/2025 2:39,160.4,66.38,24.17,136.23,1.45,9.666666667,423.3103448,19.76666667,1.133333333,0.09,0.004553119729417686,0.08246205732167587,131.29,4.35882353069377
354,Pickle_1-8-5-32H-2,1/17/2025 2:22,155.7,35.36,27.92,120.34,1.54,1/17/2025 2:07,157.0,91.99,22.53,134.47,2.07,10.91666667,374.8396947,14.06666667,1.1,0.14,0.009952606632712654,0.10947867295983918,127.77999999999999,6.081818181818192
353,Pickle_1-8-5-32H-2,1/17/2025 2:06,165.27,33.14,30.08,132.13,1.69,1/17/2025 1:07,168.35,53.58,28.79,139.56,1.22,15.85,258.170347,59.63333333,1.116666667,0.15,0.002515371716183084,0.02833985466899608,135.19,3.9134328346527103
344,Pickle_1-8-5-32H-2,1/16/2025 20:25,158.3,35.02,31.68,123.28,1.57,1/16/2025 20:11,160.49,66.64,28.19,132.3,1.41,10.36666667,394.7266881,14.5,1.166666667,0.13,0.00896551724137931,0.10827586206896553,126.62,4.868571427180414
343,Pickle_1-8-5-32H-2,1/16/2025 20:10,158.84,30.09,26.73,128.76,1.64,1/16/2025 19:53,161.52,58.89,25.04,136.48,1.33,13.21666667,309.6090794,17.11666667,1.15,0.09,0.005258033105110412,0.09581304769312306,132.11,3.7999999999999794
331,Pickle_1-8-5-32H-2,1/16/2025 13:54,165.24,29.68,26.17,135.56,1.73,1/16/2025 13:33,168.61,47.44,21.9,146.71,1.21,16.58333333,246.7537688,20.65,1.133333333,0.15,0.007263922518159807,0.0837772397094431,139.07,6.741176472570948
330,Pickle_1-8-5-32H-2,1/16/2025 13:32,155.41,31.56,27.46,123.86,1.58,1/16/2025 12:55,161.84,41.99,26.78,135.06,1.13,32.96666667,124.1253792,37.26666667,1.15,0.09,0.0024150268334154714,0.042397137742182726,127.94999999999999,6.182608695652187
326,Pickle_1-8-5-32H-2,1/16/2025 11:04,160.83,34.58,31.08,126.25,1.61,1/16/2025 10:48,164.09,63.24,28.65,135.43,1.34,12.18333333,335.8686731,16.05,1.15,0.17,0.01059190031152648,0.10031152647975078,129.75,4.939130434782615
325,Pickle_1-8-5-32H-2,1/16/2025 10:47,155.9,38.94,35.53,116.97,1.49,1/16/2025 10:29,158.5,58.74,30.75,127.75,1.28,14.31666667,285.8207218,18.21666667,1.133333333,0.08,0.004391582798830452,0.08179322962821717,120.37,6.511764707797574
321,Pickle_1-8-5-32H-2,1/16/2025 9:06,161.9,28.44,24.52,133.45,1.7,1/16/2025 8:51,163.17,59.41,23.49,139.68,1.35,11.33333333,361.0588235,15.38333333,1.133333333,0.16,0.010400866741148618,0.11050920912470405,137.38,2.029411765302778
320,Pickle_1-8-5-32H-2,1/16/2025 8:50,153.43,29.16,24.79,124.26,1.59,1/16/2025 8:28,160.69,52.46,23.49,137.19,1.27,17.41666667,234.9473684,21.4,1.083333333,0.06,0.0028037383177570096,0.07429906542056075,128.64000000000001,7.89230769473608
300,Pickle_1-8-5-32H-2,1/15/2025 22:51,150.63,35.88,28.67,114.75,1.46,1/15/2025 22:34,152.36,90.63,21.4,130.96,2.12,13.35,306.5168539,16.4,1.133333333,0.15,0.009146341463414635,0.08902439024390245,121.96,7.941176472923888
299,Pickle_1-8-5-32H-2,1/15/2025 22:33,160.6,33.23,30.34,127.37,1.62,1/15/2025 21:37,163.71,53.73,28.79,134.92,1.23,16.33333333,250.5306122,56.21666667,1.116666667,0.16,0.002846131040447902,0.02881707678453501,130.26,4.173134327112494
293,Pickle_1-8-5-32H-2,1/15/2025 19:52,160.69,36.66,32.07,124.03,1.58,1/15/2025 19:38,163.4,79.07,28.68,134.71,1.6,7.85,521.2738854,13.45,1.166666667,0.17,0.012639405204460968,0.11747211895910782,128.62,5.219999998508574
292,Pickle_1-8-5-32H-2,1/15/2025 19:37,157.23,35.31,32.01,121.92,1.56,1/15/2025 19:22,161.67,63.44,28.73,132.94,1.35,10.46666667,390.955414,15.08333333,1.133333333,0.1,0.0066298342556088035,0.10342541438749733,125.22,6.811764707885812
290,Pickle_1-8-5-32H-2,1/15/2025 19:06,151.52,43.46,38.8,108.06,1.38,1/15/2025 18:54,156.16,86.1,33.39,122.78,1.75,8.216666667,498.0121704,12.41666667,1.183333333,0.1,0.00805369127300572,0.11114093956747893,112.72000000000001,8.501408453098978
289,Pickle_1-8-5-32H-2,1/15/2025 18:53,157.43,59.09,52.0,98.34,1.25,1/15/2025 18:41,160.11,118.54,43.87,116.24,2.8,7.816666667,523.4968017,11.85,1.133333333,0.15,0.012658227848101266,0.10548523206751055,105.43,9.538235296923
288,Pickle_1-8-5-32H-2,1/15/2025 18:40,157.75,29.48,26.31,128.27,1.64,1/15/2025 17:53,162.16,55.49,26.3,135.86,1.27,11.33333333,361.0588235,46.5,1.133333333,0.19,0.0040860215053763445,0.03526881720430107,131.44,3.900000001147073
286,Pickle_1-8-5-32H-2,1/15/2025 17:35,155.79,34.09,29.73,121.69,1.55,1/15/2025 17:22,159.42,80.71,23.7,135.72,1.72,8.466666667,483.3070866,12.83333333,1.083333333,0.12,0.00935064935307809,0.120779220810592,126.05999999999999,8.916923079666756
285,Pickle_1-8-5-32H-2,1/15/2025 17:21,161.26,63.79,56.46,97.47,1.24,1/15/2025 17:10,164.32,127.51,48.25,116.06,3.15,6.933333333,590.1923077,11.13333333,1.133333333,0.16,0.014371257489332713,0.11137724554232853,104.79999999999998,9.935294120569221
284,Pickle_1-8-5-32H-2,1/15/2025 17:09,160.74,37.04,33.5,123.71,1.58,1/15/2025 16:24,165.61,51.8,24.22,141.39,1.24,14.23333333,287.4941452,44.63333333,1.133333333,0.2,0.004480955937601267,0.035399551907050006,127.24000000000001,12.485294121319185
279,Pickle_1-8-5-32H-2,1/15/2025 14:23,162.65,39.8,34.66,122.84,1.57,1/15/2025 14:07,167.86,65.35,29.83,138.03,1.35,10.45,391.5789474,16.1,1.2,0.14,0.008695652173913044,0.09751552795031056,127.99000000000001,8.36666666666666
278,Pickle_1-8-5-32H-2,1/15/2025 14:05,164.23,34.93,30.2,129.3,1.65,1/15/2025 13:49,165.64,61.92,27.14,138.5,1.34,11.7,349.7435897,15.98333333,1.216666667,0.15,0.009384775810090671,0.10323253391099739,134.03,3.6739726017331575
277,Pickle_1-8-5-32H-2,1/15/2025 13:48,159.82,41.76,38.35,118.06,1.51,1/15/2025 13:24,162.24,62.0,35.04,127.2,1.27,20.1,203.5820896,24.45,1.133333333,0.11,0.004498977505112475,0.06175869120654397,121.47,5.0558823544282046
262,Pickle_1-8-5-32H-2,1/15/2025 6:12,155.33,50.41,44.03,104.91,1.34,1/15/2025 5:59,158.09,108.94,35.46,122.63,2.49,8.65,473.0635838,12.95,1.133333333,0.14,0.010810810810810813,0.10347490347490348,111.30000000000001,9.99705882646971
261,Pickle_1-8-5-32H-2,1/15/2025 5:58,161.84,37.9,30.83,123.94,1.58,1/15/2025 5:04,164.63,88.09,27.52,137.12,1.79,10.55,387.8672986,53.86666667,1.116666667,0.18,0.0033415841582090603,0.029331683166501754,131.01,5.471641789411462
260,Pickle_1-8-5-32H-2,1/15/2025 5:03,160.51,45.6,41.84,114.92,1.47,1/15/2025 4:49,164.4,74.72,39.86,124.55,1.39,10.0,409.2,14.26666667,1.166666667,0.13,0.009112149530581275,0.10303738315349595,118.66999999999999,5.039999998560008
259,Pickle_1-8-5-32H-2,1/15/2025 4:47,156.25,27.12,23.77,129.13,1.65,1/15/2025 4:31,159.27,57.68,19.3,139.98,1.38,12.45,328.6746988,16.65,1.1,0.06,0.0036036036036036037,0.0990990990990991,132.48,6.8181818181818175
247,Pickle_1-8-5-32H-2,1/14/2025 22:28,163.22,33.32,28.86,129.91,1.66,1/14/2025 22:15,165.07,70.25,23.3,141.76,1.5,9.133333333,448.0291971,13.11666667,1.133333333,0.14,0.010673443453450206,0.12655654380519527,134.36,6.529411766626278
246,Pickle_1-8-5-32H-2,1/14/2025 22:14,161.32,24.46,20.18,136.86,1.75,1/14/2025 21:56,162.33,48.6,16.44,145.89,1.28,14.21666667,287.8311841,18.1,1.133333333,0.11,0.0060773480662983425,0.09668508287292817,141.14,4.191176471820935
243,Pickle_1-8-5-32H-2,1/14/2025 21:22,154.95,51.91,44.71,103.04,1.31,1/14/2025 21:09,156.13,110.44,34.4,121.73,2.66,8.3,493.0120482,12.66666667,1.116666667,0.12,0.009473684208033241,0.10342105260436289,110.23999999999998,10.289552235734483
242,Pickle_1-8-5-32H-2,1/14/2025 21:08,160.43,49.43,42.0,111.0,1.42,1/14/2025 20:34,164.17,102.91,38.55,125.63,2.05,8.3,493.0120482,33.73333333,1.116666667,0.2,0.005928853755526567,0.04209486166423862,118.43,6.447761192105135
236,Pickle_1-8-5-32H-2,1/14/2025 18:14,162.5,40.26,36.13,122.24,1.56,1/14/2025 18:01,162.76,70.51,30.54,132.22,1.43,8.766666667,466.7680608,12.63333333,1.116666667,0.09,0.0071240105559693965,0.12348284963680288,126.37,5.238805968585425
235,Pickle_1-8-5-32H-2,1/14/2025 18:00,156.57,31.04,27.51,125.53,1.6,1/14/2025 17:39,161.81,51.28,20.84,140.97,1.28,16.7,245.0299401,21.58333333,1.116666667,0.11,0.005096525097312205,0.07413127414272298,129.06,10.66567163860726
228,Pickle_1-8-5-32H-2,1/14/2025 13:59,160.43,33.98,29.25,126.45,1.61,1/14/2025 13:47,161.75,80.48,34.29,127.47,1.57,7.983333333,512.5678497,12.8,1.15,0.2,0.015625,0.12578125,131.18,-3.2260869565217463
227,Pickle_1-8-5-32H-2,1/14/2025 13:45,159.71,29.22,25.88,130.49,1.66,1/14/2025 13:23,162.36,49.75,21.23,141.13,1.25,17.76666667,230.3189493,22.05,1.183333333,0.05,0.0022675736961451248,0.07528344671201813,133.83,6.169014086244778
225,Pickle_1-8-5-32H-2,1/14/2025 13:02,152.42,36.69,32.95,115.73,1.48,1/14/2025 12:47,154.9,67.51,29.52,125.38,1.43,10.13333333,403.8157895,14.23333333,1.133333333,0.1,0.007025761125767157,0.10398126466135392,119.46999999999998,5.214705883886688
224,Pickle_1-8-5-32H-2,1/14/2025 12:46,157.66,43.03,34.87,114.63,1.46,1/14/2025 12:33,157.95,104.47,29.93,128.02,2.39,10.1,405.1485149,13.36666667,1.15,0.1,0.007481296756239078,0.10922693264109053,122.78999999999999,4.547826086956538
223,Pickle_1-8-5-32H-2,1/14/2025 12:32,161.52,35.91,31.26,125.61,1.6,1/14/2025 11:47,163.34,76.99,27.49,135.85,1.57,9.3,440.0,44.85,1.133333333,0.14,0.003121516164994426,0.03567447045707915,130.26000000000002,4.932352942627141
